{"type":"FeatureCollection","name":"Kecamatan Pasongsongan","crs":{"type":"name","properties":{"name":"urn:ogc:def:crs:OGC:1.3:CRS84"}},"features":[{"type":"Feature","properties":{"fid":10068,"ori_name":"Campaka","kode_kec":"35.29.13","kode_kd":"35.29.13.2003","kode_kk":"35.29","kode_prov":"35","tipe_kd":1,"kecamatan":"Pasongsongan","kel_desa":"Campaka","kab_kota":"Sumenep","provinsi":"Jawa Timur","jenis_kd":"Desa","nama":"Desa Campaka","label":"Desa Campaka, Kecamatan Pasongsongan, Kabupaten Sumenep, Provinsi Jawa Timur, 35.29.13.2003"},"geometry":{"type":"MultiPolygon","coordinates":[[[[113.706323272,-6.97118025799995,0],[113.706292982,-6.97144943499995,0],[113.70629061,-6.97146124599993,0],[113.706256511,-6.97146947099998,0],[113.70617366,-6.97162534699993,0],[113.706210373,-6.97176858599994,0],[113.70621991,-6.97179479499994,0],[113.706271151,-6.97193559599998,0],[113.706259874,-6.97205519999994,0],[113.706130082,-6.97220658599997,0],[113.706105381,-6.97223539499993,0],[113.706082415,-6.97240288499995,0],[113.706083897,-6.97240483499996,0],[113.706154744,-6.97249810399995,0],[113.706107715,-6.97264182099997,0],[113.706043742,-6.97269033599997,0],[113.705964773,-6.97275022799994,0],[113.705929913,-6.97292973899994,0],[113.705931423,-6.97319271699996,0],[113.706064186,-6.97339517499995,0],[113.706064557,-6.97339539899997,0],[113.706280281,-6.97352543099993,0],[113.706364848,-6.97366839499995,0],[113.706329781,-6.97381204399994,0],[113.706426244,-6.97394298699993,0],[113.706522775,-6.97408588099995,0],[113.706643163,-6.97421668499993,0],[113.706836362,-6.97452638099998,0],[113.706934129,-6.97488444299995,0],[113.70695943,-6.97512337799998,0],[113.706943056,-6.97515418599994,0],[113.706876579,-6.97527925699995,0],[113.706781628,-6.97541129499996,0],[113.706734529,-6.97554305999995,0],[113.70685437,-6.97557823599993,0],[113.706951164,-6.97561277799997,0],[113.706986242,-6.97562529399994,0],[113.706963414,-6.97581669099998,0],[113.706960665,-6.97581898099997,0],[113.706760999,-6.97598520899993,0],[113.706582098,-6.97608186899993,0],[113.706582334,-6.97612303199998,0],[113.706583128,-6.97626117199997,0],[113.706451806,-6.97630974199996,0],[113.70627311,-6.97644226199998,0],[113.706081902,-6.97647922099998,0],[113.706023047,-6.97664691399996,0],[113.705867248,-6.97659999199993,0],[113.705782749,-6.97646898399995,0],[113.705865219,-6.97632283699994,0],[113.705877494,-6.97630108199996,0],[113.705996098,-6.97612109199997,0],[113.706007169,-6.97596562499996,0],[113.705922326,-6.97577484599998,0],[113.705778285,-6.97569199399993,0],[113.705586528,-6.97563332499993,0],[113.705406872,-6.97559849199996,0],[113.705335572,-6.97568257899997,0],[113.705360734,-6.97589760699998,0],[113.705361431,-6.97601896699996,0],[113.705361627,-6.97605300699996,0],[113.705335683,-6.97605515099997,0],[113.705206172,-6.97606585199998,0],[113.705098843,-6.97612623799995,0],[113.705159348,-6.97624543099994,0],[113.705134806,-6.97633742299996,0],[113.705124213,-6.97637712799997,0],[113.705088096,-6.97638094399997,0],[113.705004648,-6.97638976599995,0],[113.704860812,-6.97634277399993,0],[113.704813233,-6.97639086399994,0],[113.704823177,-6.97652803499994,0],[113.704826227,-6.97657010099994,0],[113.704742963,-6.97665425599996,0],[113.704662482,-6.97661962399997,0],[113.704551068,-6.97657167799997,0],[113.704456047,-6.97669176499994,0],[113.704411432,-6.97676271199998,0],[113.704373059,-6.97682373499993,0],[113.704319731,-6.97681584799994,0],[113.704217397,-6.97680071699995,0],[113.704122239,-6.97689689499992,0],[113.704123025,-6.97703368899994,0],[113.7041232,-6.97706424799998,0],[113.704219319,-6.97713542199995,0],[113.704208042,-6.97725502699996,0],[113.704076444,-6.97725578199993,0],[113.703982606,-6.97725631799995,0],[113.703908956,-6.97725674099996,0],[113.703729917,-6.97732949299996,0],[113.703694644,-6.97743728099994,0],[113.703731221,-6.97755661199994,0],[113.703612273,-6.97767683499995,0],[113.703469123,-6.97774937999998,0],[113.70349401,-6.97791659299997,0],[113.70356148,-6.97799275299997,0],[113.703578304,-6.97801174399996,0],[113.703721934,-6.97802287399998,0],[113.703734378,-6.97810648099994,0],[113.703567027,-6.97813134899997,0],[113.703531754,-6.97823913799994,0],[113.70349655,-6.97835887999997,0],[113.703418586,-6.97836641399994,0],[113.703365021,-6.97837158699997,0],[113.703221047,-6.97830068899998,0],[113.703102098,-6.97842091299998,0],[113.702922441,-6.97838607899996,0],[113.702838971,-6.97843437499995,0],[113.70286379,-6.97858963399995,0],[113.702959841,-6.97864885599995,0],[113.702972354,-6.97874441599993,0],[113.703086402,-6.97879542699997,0],[113.703104295,-6.97880342899998,0],[113.703176625,-6.97889864899997,0],[113.703093224,-6.97895889599994,0],[113.702998726,-6.97895157299996,0],[113.702949593,-6.97894776599998,0],[113.702805963,-6.97893663499997,0],[113.702735211,-6.97911635199995,0],[113.702735966,-6.97924784199995,0],[113.702736515,-6.97934347099994,0],[113.702533273,-6.97936854399995,0],[113.702378502,-6.97950092599996,0],[113.702379326,-6.97964437099995,0],[113.702420826,-6.97976643099997,0],[113.702440173,-6.97982333299996,0],[113.702357183,-6.97995530299994,0],[113.702178073,-6.98001609999994,0],[113.702113208,-6.98007391699997,0],[113.702048873,-6.98013125999995,0],[113.701901525,-6.98013848499994,0],[113.701743545,-6.98010570299994,0],[113.701558635,-6.97997085799994,0],[113.701264577,-6.97984380599996,0],[113.701057555,-6.97986972299998,0],[113.700400772,-6.98013103299996,0],[113.700232726,-6.98038176499995,0],[113.700129883,-6.98056164899998,0],[113.700031179,-6.98061171399996,0],[113.70000367,-6.98052850299996,0],[113.699907952,-6.98029331499993,0],[113.699798461,-6.98028868499995,0],[113.69973692,-6.98038486599995,0],[113.699576198,-6.98063757999995,0],[113.699463561,-6.98070525399993,0],[113.699252278,-6.98081783199996,0],[113.699141041,-6.98108102399993,0],[113.699041659,-6.98119916599995,0],[113.698788632,-6.98141448899997,0],[113.698613824,-6.98176370899995,0],[113.698481676,-6.98213706999996,0],[113.698453797,-6.98226042999994,0],[113.698412993,-6.98231115899995,0],[113.698500388,-6.98232960499996,0],[113.698911927,-6.98243973399997,0],[113.699154501,-6.98262841999997,0],[113.699247303,-6.98279795799994,0],[113.69928736,-6.98301290799998,0],[113.699222915,-6.98317844899998,0],[113.699074807,-6.98333763799997,0],[113.698885158,-6.98342991599998,0],[113.698392683,-6.98364403699998,0],[113.698297291,-6.98381440099996,0],[113.698261644,-6.98401835099997,0],[113.6982986,-6.98428698299995,0],[113.698288658,-6.98451837499994,0],[113.698207576,-6.98493994299997,0],[113.698198705,-6.98520178299998,0],[113.698279111,-6.98545530299998,0],[113.698326171,-6.98558714999996,0],[113.698436882,-6.98575549399993,0],[113.698610621,-6.98606445699994,0],[113.698629664,-6.98630669699997,0],[113.698541016,-6.98663117999996,0],[113.69851607,-6.98694272599994,0],[113.698558058,-6.98697998399996,0],[113.698667934,-6.98701858199996,0],[113.699230067,-6.98725364499995,0],[113.700815873,-6.98834944999993,0],[113.700906164,-6.98852559799997,0],[113.701107989,-6.98932271299998,0],[113.701253145,-6.98942734099995,0],[113.702083131,-6.98987957199995,0],[113.702605219,-6.99034546199994,0],[113.702975418,-6.99079376999993,0],[113.702876504,-6.99102789499995,0],[113.702744551,-6.99132892999995,0],[113.702707735,-6.99136345799997,0],[113.702511871,-6.99154714499997,0],[113.702161733,-6.99168261899996,0],[113.701878243,-6.99178433899993,0],[113.701594849,-6.99190273799996,0],[113.701211774,-6.99212181399997,0],[113.700712688,-6.99250838099994,0],[113.700362941,-6.99271057299995,0],[113.700113057,-6.99284547199994,0],[113.699812662,-6.99291392699996,0],[113.69956202,-6.99291536299995,0],[113.699260954,-6.99286703999996,0],[113.698959705,-6.99278535599996,0],[113.698607552,-6.99257049799996,0],[113.698322812,-6.99245535599994,0],[113.698200302,-6.99242552199996,0],[113.698055077,-6.99239015699993,0],[113.697804627,-6.99242496399995,0],[113.697588072,-6.99254297699997,0],[113.697371612,-6.99267768199996,0],[113.697315619,-6.99269837299994,0],[113.69721568,-6.99271375199993,0],[113.69616327,-6.99279150599995,0],[113.695207118,-6.99296433999996,0],[113.694393571,-6.99296899899997,0],[113.694157172,-6.99347242799996,0],[113.694055173,-6.99362145199996,0],[113.693986398,-6.99367983099995,0],[113.693656994,-6.99383760899997,0],[113.693286116,-6.99396444899998,0],[113.693057748,-6.99396575499998,0],[113.692532678,-6.99393598099994,0],[113.691767395,-6.99401208599994,0],[113.691703501,-6.99401883899998,0],[113.691129371,-6.99407032099998,0],[113.691054073,-6.99408747899997,0],[113.690332539,-6.99416374099997,0],[113.689471131,-6.99416866499996,0],[113.689349847,-6.99435270799995,0],[113.689598429,-6.99453291699996,0],[113.689161746,-6.99470990599997,0],[113.688928569,-6.99484469199996,0],[113.688512445,-6.99513068299996,0],[113.687929694,-6.99550102799998,0],[113.687463251,-6.99575394299995,0],[113.687129812,-6.99588930399995,0],[113.686846125,-6.99595765699996,0],[113.686311121,-6.99591066099993,0],[113.685926124,-6.99579608299996,0],[113.685440858,-6.99568206599997,0],[113.685072669,-6.99558407499995,0],[113.68475499,-6.99555252499994,0],[113.684437589,-6.99557101699997,0],[113.683753245,-6.99570838799997,0],[113.683086175,-6.99594575299994,0],[113.682153558,-6.99650159799995,0],[113.681354136,-6.99697327699994,0],[113.680504591,-6.99744523999993,0],[113.679738487,-6.99790003699997,0],[113.679121732,-6.99817047499994,0],[113.678471464,-6.99842442899995,0],[113.677903892,-6.99852775799997,0],[113.677135308,-6.99854881599992,0],[113.677124202,-6.99854629399994,0],[113.676791868,-6.99890314799995,0],[113.676195972,-6.99931298699994,0],[113.67598266,-6.99967283099994,0],[113.675984704,-7.00003144899995,0],[113.675433938,-6.99996285699996,0],[113.675025654,-6.99970218399994,0],[113.674903559,-6.99927252299995,0],[113.67463762,-6.99879586099996,0],[113.674185702,-6.99927660499998,0],[113.673588441,-6.99944736199996,0],[113.673253849,-6.99952098999995,0],[113.672874804,-7.00019258799995,0],[113.672301604,-7.00038711699995,0],[113.671778441,-7.00096389999993,0],[113.671535762,-7.00115810799997,0],[113.671453267,-7.00099547199994,0],[113.671067751,-7.00000017199994,0],[113.669131015,-6.99479245399993,0],[113.669220245,-6.99444267299998,0],[113.669191691,-6.99432845899997,0],[113.669120307,-6.99414642999994,0],[113.669138153,-6.99393227899998,0],[113.669313044,-6.99355394499997,0],[113.669445104,-6.99255457199996,0],[113.669223814,-6.99249389399995,0],[113.669295198,-6.99222977499994,0],[113.669345166,-6.99199777699994,0],[113.669141722,-6.99187999499998,0],[113.669177414,-6.99177291899997,0],[113.669034647,-6.99173365699994,0],[113.669081046,-6.99155162899996,0],[113.668824064,-6.99146239799995,0],[113.668899017,-6.99120898599995,0],[113.668699142,-6.99108406399995,0],[113.668795511,-6.99080566699996,0],[113.668638466,-6.99077354499997,0],[113.66870985,-6.99048443999993,0],[113.668802649,-6.99010253799997,0],[113.668895448,-6.98980629499994,0],[113.668838341,-6.98979201699996,0],[113.668924002,-6.98948863599998,0],[113.66884191,-6.98943509899993,0],[113.668924002,-6.98926377799995,0],[113.668941848,-6.98907817799994,0],[113.669048923,-6.98881405699996,0],[113.668991816,-6.98877122799996,0],[113.669038216,-6.98856778299995,0],[113.669031077,-6.98843929399993,0],[113.66897754,-6.98833578699993,0],[113.668849049,-6.98833578699993,0],[113.668834772,-6.98805382099994,0],[113.668857046,-6.98790243199994,0],[113.668802649,-6.98787095899996,0],[113.668602774,-6.98784240599997,0],[113.668642036,-6.98759256199997,0],[113.668627759,-6.98735699599996,0],[113.668502837,-6.98731059599993,0],[113.668584928,-6.98704647599993,0],[113.668645605,-6.98689300099994,0],[113.66875625,-6.98658247999998,0],[113.668820495,-6.98660032799995,0],[113.668899017,-6.98637189899995,0],[113.668877602,-6.98635405399995,0],[113.668959694,-6.98617559299993,0],[113.669073908,-6.98585436599996,0],[113.669166707,-6.98564021399994,0],[113.669177414,-6.98553313899993,0],[113.669009662,-6.98546175399997,0],[113.668891879,-6.98524403399995,0],[113.668613482,-6.98512268199994,0],[113.668656917,-6.98491571699998,0],[113.668292255,-6.98477290199997,0],[113.668281547,-6.98473363999994,0],[113.668185179,-6.98414829299998,0],[113.668178041,-6.98378066599997,0],[113.668103088,-6.98353438999993,0],[113.668017427,-6.98340590099997,0],[113.66782826,-6.98337377899998,0],[113.667849675,-6.98318817999996,0],[113.667881798,-6.98294904399995,0],[113.667853244,-6.98277415499996,0],[113.667806845,-6.98262781699998,0],[113.667774722,-6.98247077199994,0],[113.667785429,-6.98222092999993,0],[113.667842537,-6.98181047299994,0],[113.667799706,-6.98179976399996,0],[113.667639093,-6.98172837999994,0],[113.667214359,-6.98153564299997,0],[113.667114422,-6.98136789199998,0],[113.666968085,-6.98102881899996,0],[113.66685744,-6.98077183799995,0],[113.666778918,-6.98047559499997,0],[113.666696826,-6.98028642799994,0],[113.666607595,-6.98013295199996,0],[113.66676051,-6.98008518799998,0],[113.666578567,-6.97967228899995,0],[113.666343,-6.97931299099997,0],[113.666181197,-6.97891799799993,0],[113.666088398,-6.97863484199996,0],[113.666019394,-6.97832551299996,0],[113.665909938,-6.97808994799993,0],[113.665740997,-6.97761643399997,0],[113.665545881,-6.97706201899996,0],[113.665614885,-6.97648618899996,0],[113.665840934,-6.97650998499995,0],[113.665843313,-6.97630773099996,0],[113.665833796,-6.97593653499996,0],[113.665905179,-6.97587228999993,0],[113.666005117,-6.97578424999995,0],[113.666040593,-6.97572206199993,0],[113.665926595,-6.97542970899997,0],[113.666051516,-6.97502995899993,0],[113.666062224,-6.97481937699996,0],[113.666140746,-6.97454098099996,0],[113.666365605,-6.97395206399995,0],[113.666476249,-6.97359514499993,0],[113.666469112,-6.97337742499997,0],[113.666504804,-6.97322038099998,0],[113.666622587,-6.97307761099995,0],[113.666879707,-6.97285009399997,0],[113.666807601,-6.97269610599994,0],[113.667041553,-6.97224539499996,0],[113.667293234,-6.97189932499998,0],[113.667421566,-6.97178945799993,0],[113.667876864,-6.97137166299996,0],[113.668024074,-6.97125477499998,0],[113.668698176,-6.97119353199997,0],[113.668833146,-6.97117004899997,0],[113.668954552,-6.97107972199996,0],[113.669091642,-6.97069598399997,0],[113.669147341,-6.97049134899993,0],[113.669242565,-6.97038027699995,0],[113.66933211,-6.97033825799997,0],[113.669864092,-6.97051354799993,0],[113.669967702,-6.97052272999997,0],[113.670190153,-6.97033044999995,0],[113.670291823,-6.97018537499997,0],[113.670317014,-6.96993231299996,0],[113.670313216,-6.96979343699996,0],[113.670520444,-6.96971414699993,0],[113.670670098,-6.96966000399993,0],[113.670734096,-6.96958597599996,0],[113.671139563,-6.96961342899993,0],[113.671329921,-6.96977999199993,0],[113.671609507,-6.96982163199993,0],[113.671835556,-6.96985137399997,0],[113.671889094,-6.96989301699995,0],[113.671942632,-6.97005362799996,0],[113.672132989,-6.97008932199998,0],[113.672192475,-6.97013096199993,0],[113.672357222,-6.97030916699993,0],[113.672596984,-6.97029752499998,0],[113.673072876,-6.97030347399993,0],[113.673435744,-6.97035106199996,0],[113.673584459,-6.97029990199997,0],[113.673727228,-6.97019996599994,0],[113.6741127,-6.97015713599995,0],[113.674383959,-6.97029276399996,0],[113.674448203,-6.97048550199997,0],[113.674612387,-6.97051405399998,0],[113.674847954,-6.97042839399995,0],[113.674983582,-6.97040697799997,0],[113.675204873,-6.97044267099994,0],[113.675468993,-6.97057116199994,0],[113.675718836,-6.97061399099994,0],[113.676083611,-6.97067666699996,0],[113.676325598,-6.97055926499996,0],[113.676544509,-6.97043553399993,0],[113.677096544,-6.97017854999996,0],[113.677458222,-6.96998819499993,0],[113.677800865,-6.96967410499997,0],[113.677896043,-6.96946471399997,0],[113.6780864,-6.96900785499997,0],[113.678359444,-6.96852222099994,0],[113.67843856,-6.96817028599997,0],[113.678590846,-6.96791330399998,0],[113.678762167,-6.96771342999995,0],[113.678943006,-6.96757066099997,0],[113.67939034,-6.96736128899994,0],[113.679488401,-6.96737884599997,0],[113.680480777,-6.96762056699993,0],[113.681472642,-6.96777234999996,0],[113.682576101,-6.96774359199998,0],[113.683386254,-6.96762656099997,0],[113.683627275,-6.96754985599995,0],[113.683756656,-6.96732081799996,0],[113.68378045,-6.96679138799993,0],[113.683893475,-6.96595857699998,0],[113.683970807,-6.96504248499997,0],[113.683929806,-6.96446916799994,0],[113.684021966,-6.96408118199997,0],[113.684345572,-6.96340541399996,0],[113.684507376,-6.96326264699996,0],[113.685062222,-6.96318860999997,0],[113.685830356,-6.96328168299993,0],[113.686591783,-6.96351962799997,0],[113.687473889,-6.96369916599997,0],[113.68788621,-6.96372902199994,0],[113.68828596,-6.96346252099994,0],[113.688484645,-6.96319602299997,0],[113.688613136,-6.96269633599996,0],[113.688684519,-6.96206815899995,0],[113.688684519,-6.96173265399995,0],[113.68859172,-6.96158988599996,0],[113.688620274,-6.96130435099997,0],[113.688751501,-6.96124593399998,0],[113.688811818,-6.96123958599998,0],[113.689015621,-6.96167304899996,0],[113.689158389,-6.96191575399996,0],[113.689222635,-6.96210135199993,0],[113.689265465,-6.96227980999993,0],[113.689358264,-6.96245113199996,0],[113.689543862,-6.96269383799995,0],[113.689572415,-6.96284374299995,0],[113.689600969,-6.96300792699998,0],[113.689715183,-6.96340053699993,0],[113.689793705,-6.96362182599995,0],[113.689922196,-6.96381456399996,0],[113.690029272,-6.96393591599997,0],[113.690107794,-6.96407154499997,0],[113.690307669,-6.96415006699993,0],[113.69047899,-6.96412865199994,0],[113.690600342,-6.96410723599996,0],[113.690771664,-6.96406440699997,0],[113.690950123,-6.96404299099993,0],[113.691157136,-6.96411437399996,0],[113.691299904,-6.96428569699998,0],[113.691278489,-6.96447843199996,0],[113.69119675,-6.96486389099994,0],[113.691421708,-6.96497459499994,0],[113.691813868,-6.96507091799998,0],[113.692137474,-6.96523748099997,0],[113.692313554,-6.96531838299995,0],[113.692518188,-6.96550398199997,0],[113.692630344,-6.96562914299994,0],[113.692884625,-6.96564674799993,0],[113.693034531,-6.96557655399994,0],[113.693224888,-6.96547661699998,0],[113.693339102,-6.96544806299994,0],[113.693467593,-6.96548613399995,0],[113.693510423,-6.96560510799998,0],[113.693548495,-6.96572883999994,0],[113.693643673,-6.96581449899998,0],[113.693848307,-6.96586684899995,0],[113.693991074,-6.96590967799995,0],[113.694262333,-6.96604292899997,0],[113.694638288,-6.96617142099996,0],[113.695076109,-6.96628563399997,0],[113.695661456,-6.96634274099995,0],[113.695989822,-6.96647123199995,0],[113.69621825,-6.96650454399997,0],[113.696432401,-6.96652358099993,0],[113.696603723,-6.96652358099993,0],[113.696808356,-6.96655213199995,0],[113.697198588,-6.96660448099993,0],[113.697327079,-6.96663303399993,0],[113.697331838,-6.96667110499993,0],[113.697274731,-6.96687098199993,0],[113.697193829,-6.96705657799993,0],[113.697117686,-6.96720886499998,0],[113.697041543,-6.96735163099993,0],[113.696998713,-6.96744205199997,0],[113.696974167,-6.96764833299994,0],[113.697444862,-6.96780491899995,0],[113.697716121,-6.96799051699998,0],[113.698094455,-6.96818325299995,0],[113.698604849,-6.96838312999995,0],[113.699183058,-6.96860441899997,0],[113.699729145,-6.96875432399997,0],[113.700385876,-6.96893278399995,0],[113.700835,-6.96909916699997,0],[113.701240102,-6.96920999099996,0],[113.701925387,-6.96933848199996,0],[113.702567842,-6.96959546299996,0],[113.703138912,-6.96979533899997,0],[113.703681429,-6.97002376599994,0],[113.704124009,-6.97015225799993,0],[113.70473791,-6.97040923999998,0],[113.70526615,-6.97076615899994,0],[113.705608793,-6.97088037199995,0],[113.706323272,-6.97118025799995,0]]]]}},{"type":"Feature","properties":{"fid":13003,"ori_name":"Montorna","kode_kec":"35.29.13","kode_kd":"35.29.13.2001","kode_kk":"35.29","kode_prov":"35","tipe_kd":1,"kecamatan":"Pasongsongan","kel_desa":"Montorna","kab_kota":"Sumenep","provinsi":"Jawa Timur","jenis_kd":"Desa","nama":"Desa Montorna","label":"Desa Montorna, Kecamatan Pasongsongan, Kabupaten Sumenep, Provinsi Jawa Timur, 35.29.13.2001"},"geometry":{"type":"MultiPolygon","coordinates":[[[[113.638815826,-6.96470993999998,0],[113.638713506,-6.96585285799995,0],[113.638888127,-6.96637142299994,0],[113.638988296,-6.96655517299996,0],[113.638977588,-6.96667652699995,0],[113.638991865,-6.96671221799994,0],[113.639034696,-6.96674433999993,0],[113.63910251,-6.96679074099995,0],[113.63914891,-6.96683713899995,0],[113.639166755,-6.96687640099998,0],[113.639181033,-6.96692993799996,0],[113.63919174,-6.96697633799994,0],[113.639213155,-6.96700132199993,0],[113.639248846,-6.96702273799997,0],[113.639309523,-6.96704415199997,0],[113.639355922,-6.96705842899996,0],[113.639380907,-6.96708341399994,0],[113.639391615,-6.96711196799993,0],[113.639395184,-6.96714765899998,0],[113.639384476,-6.96717978199996,0],[113.639309523,-6.96735110399993,0],[113.63923457,-6.96752599299998,0],[113.639195309,-6.96766876099997,0],[113.639184602,-6.96773657499995,0],[113.639184602,-6.96784008199995,0],[113.63919174,-6.96791860499997,0],[113.639209586,-6.96796857399994,0],[113.639273831,-6.96807564999995,0],[113.639295247,-6.96810777199994,0],[113.6393238,-6.96816844799997,0],[113.639338077,-6.96821127799996,0],[113.639338077,-6.96826481699998,0],[113.639273831,-6.96834690799994,0],[113.639231001,-6.96837189299993,0],[113.639002573,-6.96858604399995,0],[113.638834821,-6.96883945499997,0],[113.638763436,-6.96897508499995,0],[113.638588765,-6.96922156199997,0],[113.638566918,-6.96928963999994,0],[113.638358426,-6.96976279799998,0],[113.638313811,-6.96991151399993,0],[113.638301914,-6.97002453799996,0],[113.638313882,-6.97020147499995,0],[113.638331657,-6.97040822699995,0],[113.638322734,-6.97050042999996,0],[113.638257299,-6.97075622299997,0],[113.638227556,-6.97083652999993,0],[113.63820376,-6.97088709299993,0],[113.638168069,-6.97095252899993,0],[113.638123455,-6.97102391099997,0],[113.638105608,-6.97107150099993,0],[113.63809371,-6.97111611599996,0],[113.63809371,-6.97118155099997,0],[113.63807884,-6.97122616599995,0],[113.638052071,-6.97127078199998,0],[113.638013404,-6.97131539599997,0],[113.637962841,-6.97137190899997,0],[113.637924175,-6.97142841999994,0],[113.637864688,-6.97155631499993,0],[113.637805202,-6.97163662299994,0],[113.637742741,-6.97170800699996,0],[113.637686229,-6.97176154399995,0],[113.637620793,-6.97180913499994,0],[113.637525615,-6.97182400599996,0],[113.637442334,-6.97179723799997,0],[113.637379873,-6.97177344099993,0],[113.637332284,-6.97178236499997,0],[113.637302541,-6.97180616099996,0],[113.637249002,-6.97187159399994,0],[113.637207362,-6.97193702999994,0],[113.63717167,-6.97199651699998,0],[113.637133004,-6.97205302899994,0],[113.637106235,-6.97207384899997,0],[113.637073517,-6.97209169399997,0],[113.637022954,-6.97209764299993,0],[113.636942647,-6.97210954199994,0],[113.636892083,-6.97210954199994,0],[113.636810349,-6.97214455799997,0],[113.636683286,-6.97222450899994,0],[113.636653305,-6.97224877899993,0],[113.636616185,-6.97226733799994,0],[113.636526241,-6.97229589399996,0],[113.636413455,-6.97232872999996,0],[113.636339216,-6.97234871699993,0],[113.636133672,-6.97237727599997,0],[113.635832391,-6.97248862899994,0],[113.635738164,-6.97253003099996,0],[113.635696761,-6.97256286799995,0],[113.63566678,-6.97259570499995,0],[113.635645365,-6.97263996299995,0],[113.63563537,-6.97268707599994,0],[113.635628233,-6.97272705099994,0],[113.635591113,-6.97278272999995,0],[113.635549711,-6.97283698199993,0],[113.635535434,-6.97287981299996,0],[113.635534006,-6.97292835399998,0],[113.635534006,-6.97297403899995,0],[113.635539717,-6.97301115899995,0],[113.635545427,-6.97304684999995,0],[113.635477718,-6.97321585199995,0],[113.635369262,-6.97331272499997,0],[113.635297101,-6.97340362099993,0],[113.635240589,-6.97344823499998,0],[113.635161323,-6.97350816899996,0],[113.634980094,-6.97380420199994,0],[113.634726682,-6.97423250499997,0],[113.634626522,-6.97436084499998,0],[113.634652147,-6.97454109199998,0],[113.634765847,-6.97507178199993,0],[113.634742345,-6.97638165799998,0],[113.634738437,-6.97655445099997,0],[113.634737709,-6.97660801199993,0],[113.63451372,-6.97715567299997,0],[113.634385229,-6.97745548399996,0],[113.634342399,-6.97762680499994,0],[113.634332881,-6.97773150199993,0],[113.634347157,-6.97785047399998,0],[113.634385229,-6.97794565199996,0],[113.634428059,-6.97805510799998,0],[113.634447094,-6.97813600999996,0],[113.634447094,-6.97821215299996,0],[113.6344233,-6.97827877699996,0],[113.634385229,-6.97834064499995,0],[113.634361434,-6.97840726899994,0],[113.634361434,-6.97850244699993,0],[113.634332881,-6.97872135699993,0],[113.634271015,-6.97888792099997,0],[113.634232942,-6.97899261599997,0],[113.634218667,-6.97905448099993,0],[113.634209149,-6.97913538299997,0],[113.634223426,-6.97956368699994,0],[113.634223426,-6.97980163399995,0],[113.634199631,-6.97984446299995,0],[113.634171077,-6.97986825799995,0],[113.634166318,-6.97991584799996,0],[113.634213907,-6.97997295399995,0],[113.634261497,-6.98003482099995,0],[113.634304327,-6.98007764999994,0],[113.634375711,-6.98008716699997,0],[113.634456613,-6.98009668599997,0],[113.634532755,-6.98013475699997,0],[113.634580345,-6.98016330999997,0],[113.634618416,-6.98019186399995,0],[113.63464221,-6.98021565899995,0],[113.634666005,-6.98026800799994,0],[113.634670764,-6.98030607899994,0],[113.634670764,-6.98037270299994,0],[113.634680281,-6.98045360499998,0],[113.634713594,-6.98048691699995,0],[113.634756425,-6.98051547099993,0],[113.634818291,-6.98052498899995,0],[113.634870639,-6.98052974799998,0],[113.634932504,-6.98050595299998,0],[113.634984853,-6.98044884599994,0],[113.635018165,-6.98040601599996,0],[113.635060996,-6.98036794399997,0],[113.635118103,-6.98035366799996,0],[113.635246594,-6.98035366799996,0],[113.635415035,-6.98038337899993,0],[113.635604807,-6.98060376499996,0],[113.635854072,-6.98087222299995,0],[113.635990976,-6.98118628599997,0],[113.636082582,-6.98145561499996,0],[113.636129516,-6.98179267099994,0],[113.636154062,-6.98215232699994,0],[113.636157967,-6.98284941699995,0],[113.636137328,-6.98318685299995,0],[113.63602799,-6.98377213099997,0],[113.635875105,-6.98462751699998,0],[113.635743241,-6.98521292499993,0],[113.635634029,-6.98582070599997,0],[113.635456988,-6.98638388299997,0],[113.635279444,-6.98685711199994,0],[113.63505723,-6.98739804999997,0],[113.634789589,-6.98787179099998,0],[113.634476901,-6.98834577599996,0],[113.634186353,-6.98875217899996,0],[113.633828868,-6.98927138999994,0],[113.633582618,-6.98954262099994,0],[113.633218849,-6.99002660499997,0],[113.633209142,-6.99003569499996,0],[113.63303513,-6.99024235299993,0],[113.632795165,-6.99076349899997,0],[113.63271021,-6.99102133799994,0],[113.632711675,-6.99138064499994,0],[113.632711675,-6.99164119699998,0],[113.63260103,-6.99194457799996,0],[113.632576045,-6.99242284999997,0],[113.632611736,-6.99265127699994,0],[113.632633152,-6.99272623099995,0],[113.63264386,-6.99279761399993,0],[113.632697398,-6.99288327599993,0],[113.632790197,-6.99297607399996,0],[113.633047179,-6.99316880899994,0],[113.633100717,-6.99322948699995,0],[113.63312927,-6.99331514699998,0],[113.633122132,-6.99343292899994,0],[113.633079301,-6.99371489699996,0],[113.633016246,-6.99393880399998,0],[113.632987692,-6.99402208499993,0],[113.632921067,-6.99411488399994,0],[113.632847304,-6.99413391999997,0],[113.632783058,-6.99413867799996,0],[113.63268788,-6.99412202199994,0],[113.632621255,-6.99408632999996,0],[113.632554629,-6.99406729499998,0],[113.632492764,-6.99407443299998,0],[113.632466589,-6.99409822799993,0],[113.632434864,-6.99421402799993,0],[113.632439623,-6.99428541199995,0],[113.632482453,-6.99432348299996,0],[113.632549078,-6.99435203799993,0],[113.63262998,-6.99439486699993,0],[113.632620462,-6.99444245599994,0],[113.632577631,-6.99448052799994,0],[113.632501489,-6.99450908199998,0],[113.632411069,-6.99452335699993,0],[113.632344444,-6.99452335699993,0],[113.632244507,-6.99450432199995,0],[113.632125534,-6.99448052799994,0],[113.632030356,-6.99447576899996,0],[113.631935176,-6.99447576899996,0],[113.631811445,-6.99452335699993,0],[113.631692472,-6.99458522499998,0],[113.631573499,-6.99464233099997,0],[113.631449766,-6.99470419799997,0],[113.631311757,-6.99473750899995,0],[113.631216579,-6.99473275099996,0],[113.631154714,-6.99470419799997,0],[113.63112616,-6.99464233099997,0],[113.631064294,-6.99458998299997,0],[113.630992911,-6.99449956299998,0],[113.630988152,-6.99440914399997,0],[113.630973875,-6.99426161699995,0],[113.630921527,-6.99417595699992,0],[113.630878696,-6.99416167999993,0],[113.630626474,-6.99414264399996,0],[113.630436117,-6.99421878799996,0],[113.630293349,-6.99426161699995,0],[113.63020293,-6.99430920599997,0],[113.630131546,-6.99439486699993,0],[113.630064921,-6.99452811799995,0],[113.630050644,-6.99475178599994,0],[113.630069679,-6.99482316999996,0],[113.630098233,-6.99489455399993,0],[113.630188653,-6.99498973099998,0],[113.630283831,-6.99502780299997,0],[113.630436117,-6.99507539299998,0],[113.630550331,-6.99507063499993,0],[113.630645509,-6.99507539299998,0],[113.630716893,-6.99512298199994,0],[113.630721652,-6.99518008899997,0],[113.63068834,-6.99524195399994,0],[113.630635991,-6.99531333899995,0],[113.63059792,-6.99538472399996,0],[113.630574124,-6.99547038299994,0],[113.630550331,-6.99555128399993,0],[113.630488465,-6.99558459799994,0],[113.630374251,-6.99557032099995,0],[113.630307626,-6.99554652599994,0],[113.630250519,-6.99555128399993,0],[113.630193412,-6.99556556199997,0],[113.630122028,-6.99560363299997,0],[113.630055403,-6.99567977599997,0],[113.630031608,-6.99576543699993,0],[113.630083957,-6.99594151599996,0],[113.630164857,-6.99601290099997,0],[113.630207688,-6.99605573099996,0],[113.630250519,-6.99612235699993,0],[113.63024576,-6.99616994499996,0],[113.630207688,-6.99623656999995,0],[113.630217206,-6.99628415899997,0],[113.630264795,-6.99632698899995,0],[113.630350456,-6.99634602499998,0],[113.630412322,-6.99639361499993,0],[113.630478947,-6.99644596099995,0],[113.630602679,-6.99650306799998,0],[113.630702616,-6.99654589899995,0],[113.630788276,-6.99658873099997,0],[113.630888214,-6.99662680199998,0],[113.63095008,-6.99666011299996,0],[113.630992911,-6.99671246199995,0],[113.630988152,-6.99677908599995,0],[113.630973875,-6.99683143499993,0],[113.630954839,-6.99688378299993,0],[113.630916768,-6.99695040799998,0],[113.630873938,-6.99701227299994,0],[113.630712134,-6.99719787199996,0],[113.63064075,-6.99729780899997,0],[113.630583643,-6.99750244399996,0],[113.630574124,-6.99767852399998,0],[113.630555089,-6.99774038899994,0],[113.630493224,-6.99780225499995,0],[113.630431358,-6.99784508599993,0],[113.630302866,-6.99790219299996,0],[113.630264795,-6.99798309299996,0],[113.630298108,-6.99805447799997,0],[113.630407563,-6.99811158499995,0],[113.630564608,-6.99820200599993,0],[113.630659786,-6.99826387199994,0],[113.630702616,-6.99831621899995,0],[113.630702616,-6.99839236099996,0],[113.63068834,-6.99847326399993,0],[113.630655027,-6.99853512999994,0],[113.630578884,-6.99859223699997,0],[113.630497982,-6.99863506699995,0],[113.630398044,-6.99866837999997,0],[113.630326662,-6.99870645099998,0],[113.630264795,-6.99877307499997,0],[113.630183894,-6.99889204799996,0],[113.63015534,-6.99898722699993,0],[113.630164857,-6.99904433399996,0],[113.630260037,-6.99912523599994,0],[113.630750205,-6.99936794099995,0],[113.630818002,-6.99942438699998,0],[113.630952063,-6.99955409399996,0],[113.631176922,-6.99961120099994,0],[113.631323259,-6.99964689299998,0],[113.631344674,-6.99965046299997,0],[113.631351813,-6.99967544699996,0],[113.631312552,-6.99974326099994,0],[113.631259014,-6.99983249199994,0],[113.631209045,-6.99991101199993,0],[113.631162646,-6.99998596499995,0],[113.631166215,-7.00006091899996,0],[113.631194768,-7.00013230299993,0],[113.631237598,-7.00034288499995,0],[113.631356616,-7.00064305999996,0],[113.631499689,-7.00089448799997,0],[113.631559257,-7.00107047099993,0],[113.631579397,-7.00112997099995,0],[113.631572269,-7.00134094299995,0],[113.6312149,-7.00206480099996,0],[113.631139589,-7.00226836699994,0],[113.63120929,-7.00272098499994,0],[113.631238962,-7.00301843999995,0],[113.631310935,-7.00371953199993,0],[113.63135508,-7.00394051299997,0],[113.631342062,-7.00432011599997,0],[113.63142763,-7.00612688399997,0],[113.631627285,-7.00675830399996,0],[113.631840433,-7.00710350099996,0],[113.632447562,-7.00776275799996,0],[113.632917914,-7.00824205299995,0],[113.633146309,-7.00861728299998,0],[113.633271141,-7.00935453399995,0],[113.633430369,-7.01084462299997,0],[113.633509099,-7.01143153499993,0],[113.633529687,-7.01241033799994,0],[113.633457304,-7.01295292399993,0],[113.633278142,-7.01328525799994,0],[113.632713041,-7.01493090599996,0],[113.631292281,-7.01491740799997,0],[113.631124466,-7.01486915099997,0],[113.631115407,-7.01486654599995,0],[113.63095704,-7.01482100299995,0],[113.630614426,-7.01470552899997,0],[113.630057295,-7.01469883799996,0],[113.629850155,-7.01472999199996,0],[113.62962859,-7.01477736599998,0],[113.629222524,-7.01468850599997,0],[113.62877888,-7.01461621299995,0],[113.628519588,-7.01473618299997,0],[113.628496649,-7.01475196199993,0],[113.62846348,-7.01468889299997,0],[113.62824613,-7.01427566799993,0],[113.628160132,-7.01416895899996,0],[113.628104089,-7.01415242699994,0],[113.627436902,-7.01415426499995,0],[113.627112615,-7.01412895299995,0],[113.626936011,-7.01411341499994,0],[113.626737275,-7.01416919999997,0],[113.626545357,-7.01431487699995,0],[113.626077739,-7.01466127599997,0],[113.626019646,-7.01469858799993,0],[113.625797205,-7.01450479499994,0],[113.625540712,-7.01415556899997,0],[113.625379278,-7.01393577199997,0],[113.625216394,-7.01384424499997,0],[113.624999411,-7.01389623599994,0],[113.624981255,-7.01390058599998,0],[113.62481705,-7.01397361599993,0],[113.624441448,-7.01396243299996,0],[113.624080216,-7.01396544599993,0],[113.623880926,-7.01421823199996,0],[113.62382993,-7.01435027399998,0],[113.623824387,-7.01437768799997,0],[113.623744596,-7.01443985099996,0],[113.62361233,-7.01453114199995,0],[113.623518698,-7.01462419899997,0],[113.623349098,-7.01471948899996,0],[113.623329531,-7.01473044399995,0],[113.623045424,-7.01469624499993,0],[113.622798234,-7.01458403699996,0],[113.62264664,-7.01450273999995,0],[113.622324638,-7.01448520199995,0],[113.621808242,-7.01428629799994,0],[113.621362299,-7.01405383499997,0],[113.620640741,-7.01364009599996,0],[113.619853702,-7.01322672399994,0],[113.619467472,-7.01291768899995,0],[113.619367721,-7.01283787599994,0],[113.618867369,-7.01224008499997,0],[113.618406946,-7.01174662699998,0],[113.61793412,-7.01139683199995,0],[113.617435756,-7.01113844699995,0],[113.616833476,-7.01101131699994,0],[113.616869985,-7.01075500199994,0],[113.616941667,-7.01075513199993,0],[113.617027262,-7.01075241399997,0],[113.617112708,-7.01074669799993,0],[113.617197902,-7.01073799199997,0],[113.61727364,-7.01072755899997,0],[113.617282738,-7.01072630599998,0],[113.617367111,-7.01071165399998,0],[113.617450917,-7.01069405499993,0],[113.617534055,-7.01067352999996,0],[113.617649303,-7.01064081399994,0],[113.617763368,-7.01060419399994,0],[113.617876119,-7.01056371299995,0],[113.617987423,-7.01051941699995,0],[113.618097153,-7.01047135799996,0],[113.618205179,-7.01041959199995,0],[113.618245202,-7.01039874499997,0],[113.618284521,-7.01037660299994,0],[113.618323096,-7.01035318899994,0],[113.618360884,-7.01032852899993,0],[113.618397847,-7.01030264999997,0],[113.618433943,-7.01027557699996,0],[113.618469136,-7.01024734199996,0],[113.618503386,-7.01021797299995,0],[113.618536658,-7.01018750199995,0],[113.618568917,-7.01015596099995,0],[113.618600127,-7.01012338499993,0],[113.618630255,-7.01008980799998,0],[113.618680993,-7.01002938099998,0],[113.618729707,-7.00996731399994,0],[113.618776343,-7.00990367399993,0],[113.618820851,-7.00983852999997,0],[113.618863181,-7.00977195299993,0],[113.618903289,-7.00970401699993,0],[113.618941129,-7.00963479399996,0],[113.618976662,-7.00956436099995,0],[113.619009847,-7.00949279399993,0],[113.619032334,-7.00943973799997,0],[113.619053029,-7.00938595799994,0],[113.619071906,-7.00933151599997,0],[113.619088947,-7.00927647199995,0],[113.61910413,-7.00922088799996,0],[113.61911744,-7.00916482599996,0],[113.61912886,-7.00910835099995,0],[113.619138379,-7.00905152399997,0],[113.619145986,-7.00899441099995,0],[113.619151672,-7.00893707399996,0],[113.619155431,-7.00887957999993,0],[113.619157258,-7.00882199199998,0],[113.619157151,-7.00876437499994,0],[113.619155111,-7.00870679399998,0],[113.61915114,-7.00864931399997,0],[113.619145242,-7.00859199899998,0],[113.619137424,-7.00853491399994,0],[113.619134394,-7.00851729899995,0],[113.61913075,-7.00849979999998,0],[113.619126497,-7.00848243799993,0],[113.61912164,-7.00846523599995,0],[113.619116184,-7.00844821399994,0],[113.619110138,-7.00843139199998,0],[113.619103507,-7.00841479099995,0],[113.6190963,-7.00839843199998,0],[113.619088526,-7.00838233399998,0],[113.619080194,-7.00836651699996,0],[113.619071315,-7.00835099999995,0],[113.619061899,-7.00833580299997,0],[113.619051957,-7.00832094299994,0],[113.619041503,-7.00830643899997,0],[113.619030548,-7.00829230799997,0],[113.619019106,-7.00827856899997,0],[113.619007191,-7.00826523599994,0],[113.618994817,-7.00825232699998,0],[113.618982,-7.00823985799997,0],[113.618968755,-7.00822784399998,0],[113.618955099,-7.00821629799998,0],[113.618941047,-7.00820523599998,0],[113.618926617,-7.00819467099996,0],[113.618911827,-7.00818461599994,0],[113.618896695,-7.00817508299997,0],[113.618881238,-7.00816608299994,0],[113.618865477,-7.00815762799994,0],[113.61884943,-7.00814972799998,0],[113.618833116,-7.00814239199997,0],[113.618816557,-7.00813562999997,0],[113.618799771,-7.00812944899997,0],[113.618672481,-7.00808745199993,0],[113.61854386,-7.00804971999997,0],[113.618414051,-7.00801629399996,0],[113.618283199,-7.00798721199993,0],[113.618151449,-7.00796250499997,0],[113.618005377,-7.00793535999998,0],[113.617860188,-7.00790383799995,0],[113.617716013,-7.00786796699998,0],[113.617572983,-7.00782777999996,0],[113.617431228,-7.00778331399994,0],[113.616846135,-7.00758919499998,0],[113.616163493,-7.00736080499996,0],[113.614918233,-7.00691843299995,0],[113.614802917,-7.00687746799997,0],[113.614801167,-7.00687677699995,0],[113.614799441,-7.00687602699998,0],[113.614797743,-7.00687521799995,0],[113.614796073,-7.00687435099996,0],[113.614794434,-7.00687342699996,0],[113.614792827,-7.00687244699998,0],[113.614791256,-7.00687141299994,0],[113.614789721,-7.00687032599996,0],[113.614788224,-7.00686918599996,0],[113.614786767,-7.00686799599993,0],[113.614785352,-7.00686675599997,0],[113.61478398,-7.00686546899993,0],[113.614782654,-7.00686413499994,0],[113.614781374,-7.00686275699996,0],[113.614780143,-7.00686133499994,0],[113.614778961,-7.00685987199995,0],[113.61477783,-7.00685836899993,0],[113.614776751,-7.00685682799997,0],[113.614775726,-7.00685525199998,0],[113.614774756,-7.00685363999997,0],[113.614773842,-7.00685199699996,0],[113.614772985,-7.00685032299998,0],[113.614772186,-7.00684862099996,0],[113.614771446,-7.00684689199994,0],[113.614770766,-7.00684513899995,0],[113.614770147,-7.00684336299997,0],[113.614769589,-7.00684156799997,0],[113.614769093,-7.00683975399994,0],[113.61476866,-7.00683792399997,0],[113.614767278,-7.00683103099993,0],[113.614766138,-7.00682409499996,0],[113.61476524,-7.00681712199997,0],[113.614764586,-7.00681012299998,0],[113.614764177,-7.00680310499996,0],[113.614764012,-7.00679607699993,0],[113.614764093,-7.00678904799997,0],[113.614764419,-7.00678202599994,0],[113.61476499,-7.00677501899997,0],[113.614765805,-7.00676803699997,0],[113.614766863,-7.00676108699997,0],[113.614768162,-7.00675417799994,0],[113.614769702,-7.00674731899994,0],[113.61477148,-7.00674051699997,0],[113.614773494,-7.00673378099998,0],[113.614827088,-7.00655543199997,0],[113.614874912,-7.00637545099994,0],[113.614916915,-7.00619402699994,0],[113.615136218,-7.00509900399993,0],[113.615137789,-7.00508970699997,0],[113.615139055,-7.00508036399998,0],[113.615140012,-7.00507098399993,0],[113.615140661,-7.00506157799992,0],[113.615141,-7.00505215599998,0],[113.61514103,-7.00504272799998,0],[113.61514075,-7.00503330399994,0],[113.61514016,-7.00502389399998,0],[113.615139261,-7.00501450799993,0],[113.615138054,-7.00500515799996,0],[113.615136099,-7.00499321499996,0],[113.615133728,-7.00498134899993,0],[113.615130943,-7.00496957199994,0],[113.615127748,-7.00495789999997,0],[113.615124147,-7.00494634599994,0],[113.615120144,-7.00493492599998,0],[113.615115744,-7.00492365199995,0],[113.615110953,-7.00491253799993,0],[113.615105776,-7.00490159799995,0],[113.615100219,-7.00489084599997,0],[113.61509429,-7.00488029399997,0],[113.615087996,-7.00486995599994,0],[113.615081344,-7.00485984399995,0],[113.615074342,-7.00484996999995,0],[113.615067,-7.00484034599998,0],[113.615059325,-7.00483098499996,0],[113.615051328,-7.00482189699994,0],[113.615043018,-7.00481309399993,0],[113.615034405,-7.00480458699997,0],[113.6150255,-7.00479638499996,0],[113.615016314,-7.00478849899997,0],[113.615006857,-7.00478093899994,0],[113.614997142,-7.00477371299996,0],[113.61498718,-7.00476683099993,0],[113.614976983,-7.00476030099998,0],[113.614966565,-7.00475413099997,0],[113.614955937,-7.00474832799995,0],[113.614945112,-7.00474289999994,0],[113.614934105,-7.00473785199995,0],[113.614922927,-7.00473319199995,0],[113.614911594,-7.00472892599993,0],[113.614900118,-7.00472505699997,0],[113.614888514,-7.00472159099996,0],[113.614876796,-7.00471853299996,0],[113.614864978,-7.00471588499994,0],[113.614853075,-7.00471365199996,0],[113.6148411,-7.00471183499997,0],[113.61482907,-7.00471043799996,0],[113.614816998,-7.00470946099995,0],[113.6148049,-7.00470890599996,0],[113.614792789,-7.00470877399994,0],[113.614780681,-7.00470906499993,0],[113.614768591,-7.00470977799995,0],[113.614568665,-7.00472181199996,0],[113.614368453,-7.00472734199997,0],[113.614168168,-7.00472636099994,0],[113.61396802,-7.00471887099997,0],[113.613768222,-7.00470487899997,0],[113.613568985,-7.00468439999997,0],[113.613370521,-7.00465745699995,0],[113.613173038,-7.00462407599997,0],[113.612976748,-7.00458429499997,0],[113.612781856,-7.00453815499998,0],[113.61208048,-7.00435654199993,0],[113.611844101,-7.00429067799996,0],[113.611794789,-7.00427526099998,0],[113.61174605,-7.00425812399993,0],[113.611697942,-7.00423928699996,0],[113.611650527,-7.00421877299993,0],[113.611603862,-7.00419660899996,0],[113.611558004,-7.00417282099994,0],[113.611513011,-7.00414743899995,0],[113.611468938,-7.00412049399995,0],[113.611425839,-7.00409201999997,0],[113.611383767,-7.00406204999996,0],[113.611342774,-7.00403062399994,0],[113.611302912,-7.00399777799993,0],[113.61126214,-7.00396177299996,0],[113.611222591,-7.00392443099997,0],[113.611184308,-7.00388579499997,0],[113.611147334,-7.00384590699997,0],[113.61111171,-7.00380480999996,0],[113.611077475,-7.00376255199996,0],[113.611044667,-7.00371917799993,0],[113.611013323,-7.00367473599994,0],[113.610983478,-7.00362927699996,0],[113.610955163,-7.00358284999993,0],[113.610928412,-7.00353550599993,0],[113.610903253,-7.00348729899997,0],[113.610892384,-7.00346463699998,0],[113.610882299,-7.00344161699996,0],[113.610873009,-7.00341826399995,0],[113.610864525,-7.00339460699996,0],[113.610856858,-7.00337067299995,0],[113.610850017,-7.00334649099995,0],[113.610844008,-7.00332208899994,0],[113.610838841,-7.00329749599996,0],[113.610834519,-7.00327273999994,0],[113.610831049,-7.00324785099997,0],[113.610828435,-7.00322285699997,0],[113.61082668,-7.00319778899996,0],[113.610825786,-7.00317267499997,0],[113.610825753,-7.00314754499993,0],[113.610826582,-7.00312242899997,0],[113.610828273,-7.00309735699994,0],[113.610830822,-7.00307235599996,0],[113.610834227,-7.00304745799997,0],[113.610838484,-7.00302269099996,0],[113.610843588,-7.00299808399996,0],[113.610849533,-7.00297366699994,0],[113.610856312,-7.00294946699995,0],[113.610863917,-7.00292551399997,0],[113.610873134,-7.00289651499997,0],[113.610881371,-7.00286722399994,0],[113.610888618,-7.00283767199994,0],[113.610894868,-7.00280789399994,0],[113.610900112,-7.00277792199995,0],[113.610904346,-7.00274779199998,0],[113.610907563,-7.00271753599998,0],[113.610909762,-7.00268718999996,0],[113.610910939,-7.00265678699998,0],[113.610911093,-7.00262636099995,0],[113.610910223,-7.00259594799996,0],[113.610908331,-7.00256558099994,0],[113.610905419,-7.00253529399993,0],[113.61090149,-7.00250512299993,0],[113.610896549,-7.00247509999997,0],[113.610890601,-7.00244525999994,0],[113.610883653,-7.00241563699996,0],[113.610875712,-7.00238626399994,0],[113.610866788,-7.00235717299995,0],[113.610856891,-7.00232839899996,0],[113.610846032,-7.00229997399992,0],[113.610807539,-7.00220821299996,0],[113.610766224,-7.00211768499997,0],[113.610722127,-7.00202847699995,0],[113.610675291,-7.00194067399997,0],[113.61062576,-7.00185435999992,0],[113.61059903,-7.00181094499993,0],[113.610570972,-7.00176837499993,0],[113.610541613,-7.00172669099993,0],[113.61051098,-7.00168593099994,0],[113.610479104,-7.00164613499993,0],[113.610446014,-7.00160733999996,0],[113.610411741,-7.00156958399998,0],[113.610393324,-7.00155056599993,0],[113.610374277,-7.00153217699994,0],[113.610354621,-7.00151443999994,0],[113.610334379,-7.00149737299995,0],[113.610313574,-7.00148099599994,0],[113.610292228,-7.00146532899993,0],[113.610270367,-7.00145038699998,0],[113.610248016,-7.00143618999994,0],[113.610225199,-7.00142275199994,0],[113.610201942,-7.00141008799994,0],[113.610178271,-7.00139821399995,0],[113.610154214,-7.00138714299993,0],[113.610129798,-7.00137688599995,0],[113.610105051,-7.00136745699996,0],[113.610079999,-7.00135886399994,0],[113.610054673,-7.00135111899993,0],[113.610022497,-7.00134126599994,0],[113.60999068,-7.00133031199994,0],[113.609959259,-7.00131826999996,0],[113.609928271,-7.00130515399997,0],[113.609897754,-7.00129097999996,0],[113.609867744,-7.00127576499995,0],[113.609838275,-7.00125952699995,0],[113.609809383,-7.00124228499993,0],[113.609781103,-7.00122405899998,0],[113.60977526,-7.00122000199997,0],[113.609753467,-7.00120487099997,0],[113.609726509,-7.00118474399994,0],[113.609700261,-7.00116370199993,0],[113.609674753,-7.00114176899996,0],[113.609650015,-7.00111897199997,0],[113.609605961,-7.00107551399998,0],[113.609563389,-7.00103060699996,0],[113.609522347,-7.00098429999997,0],[113.609482881,-7.00093664399998,0],[113.609445035,-7.00088769399997,0],[113.609408851,-7.00083750499994,0],[113.609374371,-7.00078613299996,0],[113.609341633,-7.00073363499996,0],[113.609310674,-7.00068007099998,0],[113.609281528,-7.00062550099994,0],[113.609254229,-7.00056998599996,0],[113.609228806,-7.00051358699994,0],[113.609219288,-7.00049042199993,0],[113.609210556,-7.00046694899993,0],[113.609202621,-7.00044319599994,0],[113.609195492,-7.00041918799997,0],[113.609189177,-7.00039495499993,0],[113.609183683,-7.00037052199997,0],[113.609179017,-7.00034591799994,0],[113.609175183,-7.00032117099994,0],[113.609172186,-7.00029630899996,0],[113.609170029,-7.00027136099993,0],[113.609168716,-7.00024635299997,0],[113.609168246,-7.00022131599997,0],[113.609168622,-7.00019627699993,0],[113.609169842,-7.00017126499995,0],[113.609171905,-7.00014630899994,0],[113.609174809,-7.00012143599997,0],[113.609175647,-7.00011589099995,0],[113.60917855,-7.00009667499995,0],[113.609183124,-7.00007205299994,0],[113.609188527,-7.00004760099995,0],[113.609233675,-6.99986683299994,0],[113.609275007,-6.99971491299993,0],[113.609282588,-6.99968704599996,0],[113.609429111,-6.99918817199995,0],[113.60948063,-6.99901276099996,0],[113.609511192,-6.99890870499996,0],[113.609596022,-6.99864372599995,0],[113.609665185,-6.99844755199996,0],[113.609688534,-6.99838132499997,0],[113.609724098,-6.99827974699997,0],[113.609756242,-6.99817703599996,0],[113.609784928,-6.99807330799996,0],[113.609787161,-6.99806400499995,0],[113.60978907,-6.99805463099995,0],[113.609790652,-6.99804519499997,0],[113.609791905,-6.99803571099994,0],[113.609792827,-6.99802618799993,0],[113.609793418,-6.99801663999995,0],[113.609793675,-6.99800707599996,0],[113.609793601,-6.99799750999995,0],[113.609793193,-6.99798795099997,0],[113.609792453,-6.99797841299994,0],[113.609791382,-6.99796890599993,0],[113.609789981,-6.99795944199997,0],[113.609788252,-6.99795003299994,0],[113.609786196,-6.99794068899996,0],[113.609783817,-6.99793142199997,0],[113.609781117,-6.99792224399994,0],[113.609778099,-6.99791316399995,0],[113.609774768,-6.99790419499993,0],[113.609771126,-6.99789534699994,0],[113.609767179,-6.99788663099997,0],[113.609762931,-6.99787805699998,0],[113.609758387,-6.99786963599996,0],[113.609753554,-6.99786137799993,0],[113.609748436,-6.99785329199995,0],[113.60974304,-6.99784538899996,0],[113.609737372,-6.99783767799994,0],[113.609736989,-6.99783719299995,0],[113.60973144,-6.99783016899994,0],[113.609725249,-6.99782286999994,0],[113.609718809,-6.99781578999995,0],[113.609712127,-6.99780893899998,0],[113.609711052,-6.99780791099994,0],[113.60970521,-6.99780232299997,0],[113.609698067,-6.99779595199993,0],[113.609690707,-6.99778983199997,0],[113.609683139,-6.99778397199998,0],[113.609675372,-6.99777837799996,0],[113.609667414,-6.99777305699996,0],[113.609659276,-6.99776801499996,0],[113.609650968,-6.99776325999994,0],[113.6096425,-6.99775879499998,0],[113.609633881,-6.99775462699995,0],[113.609625123,-6.99775076099996,0],[113.609616235,-6.99774720199997,0],[113.609607229,-6.99774395299994,0],[113.609598115,-6.99774101799994,0],[113.609588905,-6.99773840199992,0],[113.60957961,-6.99773610799997,0],[113.60957024,-6.99773413699995,0],[113.609560807,-6.99773249299994,0],[113.609551323,-6.99773117699993,0],[113.609541799,-6.99773019199995,0],[113.609506934,-6.99772660399998,0],[113.60947221,-6.99772184799997,0],[113.609437665,-6.99771592899998,0],[113.609403339,-6.99770885299995,0],[113.60936927,-6.99770062799996,0],[113.609335497,-6.99769126399997,0],[113.609302058,-6.99768077099998,0],[113.609268991,-6.99766916199997,0],[113.609236333,-6.99765644799993,0],[113.609204122,-6.99764264499993,0],[113.609193881,-6.99763784399994,0],[113.609172392,-6.99762776899996,0],[113.609141181,-6.99761183499993,0],[113.609110524,-6.99759486199997,0],[113.609080455,-6.99757686999993,0],[113.609051008,-6.99755787799995,0],[113.609022216,-6.99753790699998,0],[113.608999181,-6.99752075499993,0],[113.608994113,-6.99751698199998,0],[113.608966729,-6.99749512399995,0],[113.608940096,-6.99747235999996,0],[113.608914243,-6.99744871399997,0],[113.608889201,-6.99742421299993,0],[113.608864997,-6.99739888499994,0],[113.608841658,-6.99737275899997,0],[113.608819212,-6.99734586299996,0],[113.60875267,-6.99726052699998,0],[113.608688965,-6.99717305699994,0],[113.608628164,-6.99708354699993,0],[113.608570333,-6.99699209399995,0],[113.608515533,-6.99689879499994,0],[113.608463825,-6.99680375099996,0],[113.608453386,-6.99678296499997,0],[113.608443637,-6.99676184699996,0],[113.608434587,-6.99674042099997,0],[113.608426248,-6.99671870799995,0],[113.608418628,-6.99669673399995,0],[113.608411735,-6.99667452099993,0],[113.608405577,-6.99665209299997,0],[113.60840016,-6.99662947599995,0],[113.60839549,-6.99660669199994,0],[113.608391573,-6.99658376799994,0],[113.608388412,-6.99656072699997,0],[113.60838601,-6.99653759499995,0],[113.608384372,-6.99651439599995,0],[113.608384056,-6.99650578799998,0],[113.60838404,-6.99649717399996,0],[113.608384323,-6.99648856499994,0],[113.608384906,-6.99647996999994,0],[113.608385787,-6.99647140099995,0],[113.608386966,-6.99646286799998,0],[113.608388441,-6.99645438099998,0],[113.60839021,-6.99644594999995,0],[113.608392272,-6.99643758599996,0],[113.608394623,-6.99642929899994,0],[113.608397261,-6.99642109799993,0],[113.608400183,-6.99641299299998,0],[113.608403385,-6.99640499499998,0],[113.608406863,-6.99639711299994,0],[113.608410613,-6.99638935699994,0],[113.608414631,-6.99638173499994,0],[113.608418911,-6.99637425799995,0],[113.608423449,-6.99636693399998,0],[113.608428239,-6.99635977099996,0],[113.608433275,-6.99635277999994,0],[113.608438551,-6.99634596699997,0],[113.608444061,-6.99633934199994,0],[113.608449798,-6.99633291199996,0],[113.608455756,-6.99632668499993,0],[113.608461926,-6.99632066899994,0],[113.608468302,-6.99631487099998,0],[113.608474876,-6.99630929799997,0],[113.60848164,-6.99630395599996,0],[113.608488585,-6.99629885199994,0],[113.608495704,-6.99629399299994,0],[113.608502987,-6.99628938399997,0],[113.608510426,-6.99628502999997,0],[113.608518013,-6.99628093799993,0],[113.608525737,-6.99627711099993,0],[113.608533589,-6.99627355499996,0],[113.60854156,-6.99627027399993,0],[113.608549641,-6.99626727099997,0],[113.608557822,-6.99626455099997,0],[113.608566091,-6.99626211599997,0],[113.608574441,-6.99625997099997,0],[113.60858286,-6.99625811599998,0],[113.608591339,-6.99625655499995,0],[113.608599867,-6.99625528899998,0],[113.608608434,-6.99625431999993,0],[113.608614669,-6.99625383399996,0],[113.608617029,-6.99625364999997,0],[113.608625642,-6.99625327799993,0],[113.608634263,-6.99625320499996,0],[113.608642882,-6.99625343199995,0],[113.608651487,-6.99625395799995,0],[113.608660069,-6.99625478199994,0],[113.608668617,-6.99625590399995,0],[113.608677121,-6.99625732199996,0],[113.60868557,-6.99625903499998,0],[113.608693955,-6.99626103999998,0],[113.608702265,-6.99626333399993,0],[113.60871049,-6.99626591599997,0],[113.60871862,-6.99626878199996,0],[113.608726646,-6.99627192899993,0],[113.608734557,-6.99627535199994,0],[113.608742345,-6.99627904799996,0],[113.608749999,-6.99628301299998,0],[113.608757511,-6.99628723999996,0],[113.608764871,-6.99629172599998,0],[113.60877207,-6.99629646499994,0],[113.608779101,-6.99630145099997,0],[113.608785954,-6.99630667799994,0],[113.608792621,-6.99631213999993,0],[113.608799093,-6.99631782999995,0],[113.608805364,-6.99632374099997,0],[113.608811426,-6.99632986699993,0],[113.608819448,-6.99633797599995,0],[113.608827744,-6.99634580499998,0],[113.608836304,-6.99635334499993,0],[113.608845119,-6.99636058599998,0],[113.608854178,-6.99636751999998,0],[113.608863469,-6.99637413799996,0],[113.608872984,-6.99638043399995,0],[113.608882709,-6.99638639899996,0],[113.608892633,-6.99639202699996,0],[113.608902746,-6.99639730999996,0],[113.608913034,-6.99640224299998,0],[113.608923486,-6.99640681999995,0],[113.608934089,-6.99641103499994,0],[113.608944831,-6.99641488299994,0],[113.608955699,-6.99641836099994,0],[113.60896668,-6.99642146199994,0],[113.608977761,-6.99642418499997,0],[113.60898893,-6.99642652599994,0],[113.609000172,-6.99642848099995,0],[113.609011475,-6.99643004999996,0],[113.609022825,-6.99643122899994,0],[113.60903421,-6.99643201699996,0],[113.609045614,-6.99643241399997,0],[113.609057026,-6.99643241999996,0],[113.609068431,-6.99643203299996,0],[113.609079816,-6.99643125499995,0],[113.609091167,-6.99643008599998,0],[113.609102471,-6.99642852799997,0],[113.609113716,-6.99642658199997,0],[113.609124886,-6.99642425199994,0],[113.60913597,-6.99642153899993,0],[113.609146954,-6.99641844699994,0],[113.609157825,-6.99641497999994,0],[113.60916857,-6.99641114199994,0],[113.609179177,-6.99640693599997,0],[113.609189633,-6.99640236899995,0],[113.609199926,-6.99639744499996,0],[113.609210043,-6.99639217099997,0],[113.609219973,-6.99638655199993,0],[113.609229703,-6.99638059599994,0],[113.609230383,-6.99638014699997,0],[113.609239223,-6.99637430899998,0],[113.609248521,-6.99636769899996,0],[113.609257586,-6.99636077299994,0],[113.609266408,-6.99635353999997,0],[113.609274975,-6.99634600799993,0],[113.609283278,-6.99633818699994,0],[113.609291307,-6.99633008499995,0],[113.609299053,-6.99632171099995,0],[113.609306506,-6.99631307699997,0],[113.609313657,-6.99630419199997,0],[113.609320499,-6.99629506699995,0],[113.609327022,-6.99628571199997,0],[113.60933322,-6.99627613799993,0],[113.609339085,-6.99626635699997,0],[113.609344609,-6.99625638099997,0],[113.609350128,-6.99624554499997,0],[113.609355263,-6.99623452199995,0],[113.609360008,-6.99622332599995,0],[113.609364358,-6.99621197199997,0],[113.609368307,-6.99620047099995,0],[113.60937185,-6.99618883999995,0],[113.609374983,-6.99617709199993,0],[113.609377703,-6.99616524099997,0],[113.609380005,-6.99615330199993,0],[113.609381887,-6.99614128999997,0],[113.609383347,-6.99612921999994,0],[113.609384383,-6.99611710599993,0],[113.609384993,-6.99610496299994,0],[113.609385177,-6.99609280599998,0],[113.609384935,-6.99608064999995,0],[113.609384267,-6.99606851099998,0],[113.609383174,-6.99605640099998,0],[113.609381656,-6.99604433799993,0],[113.609379717,-6.99603233499994,0],[113.609377358,-6.99602040799994,0],[113.609374582,-6.99600856999996,0],[113.609371393,-6.99599683699995,0],[113.609367794,-6.99598522299993,0],[113.60936379,-6.99597374099994,0],[113.609359386,-6.99596240699998,0],[113.609354527,-6.99594991599997,0],[113.609350098,-6.99593726599994,0],[113.609346105,-6.99592447199996,0],[113.609342553,-6.99591154899997,0],[113.609339445,-6.99589851199994,0],[113.609336786,-6.99588537599993,0],[113.609334578,-6.99587215799994,0],[113.609332824,-6.99585887099994,0],[113.609331526,-6.99584553199998,0],[113.609330686,-6.99583215699994,0],[113.609330304,-6.99581876099995,0],[113.609330382,-6.99580535999996,0],[113.609330918,-6.99579196899998,0],[113.609331913,-6.99577860399995,0],[113.609333364,-6.99576528099993,0],[113.609335271,-6.99575201599993,0],[113.609337632,-6.99573882299995,0],[113.609340442,-6.99572571899995,0],[113.6093437,-6.99571271899993,0],[113.609347402,-6.99569983799995,0],[113.609351542,-6.99568708999993,0],[113.609356116,-6.99567449199998,0],[113.609361119,-6.99566205799994,0],[113.609366545,-6.99564980199995,0],[113.609372085,-6.99563836799996,0],[113.609378016,-6.99562713199998,0],[113.609384331,-6.99561610699993,0],[113.609391023,-6.99560530599996,0],[113.609398084,-6.99559474299997,0],[113.609405506,-6.99558442899996,0],[113.609413279,-6.99557437699997,0],[113.609421395,-6.99556459799993,0],[113.609429843,-6.99555510599993,0],[113.609438614,-6.99554590999998,0],[113.609447697,-6.99553702199995,0],[113.609457082,-6.99552845199997,0],[113.609466757,-6.99552020999994,0],[113.60947671,-6.99551230699996,0],[113.609486931,-6.99550475199993,0],[113.609497406,-6.99549755299995,0],[113.609508124,-6.99549071999996,0],[113.609519071,-6.99548425999996,0],[113.609530235,-6.99547818099995,0],[113.609541601,-6.99547249099993,0],[113.609553158,-6.99546719599994,0],[113.60956489,-6.99546230199996,0],[113.609576785,-6.99545781499995,0],[113.609588827,-6.99545374099995,0],[113.609601002,-6.99545008399997,0],[113.609613297,-6.99544684899996,0],[113.609625696,-6.99544403999994,0],[113.609638185,-6.99544165999993,0],[113.609650748,-6.99543971199995,0],[113.609663371,-6.99543819699994,0],[113.609676039,-6.99543711899997,0],[113.609688737,-6.99543647799993,0],[113.609701449,-6.99543627399993,0],[113.60971416,-6.99543650899994,0],[113.609726856,-6.99543718199993,0],[113.609739521,-6.99543829199996,0],[113.609752141,-6.99543983799992,0],[113.609764699,-6.99544181799996,0],[113.609777182,-6.99544422899993,0],[113.609789574,-6.99544706999995,0],[113.60980186,-6.99545033499993,0],[113.609814026,-6.99545402199993,0],[113.609826058,-6.99545812599996,0],[113.609837941,-6.99546264299994,0],[113.609849662,-6.99546756599995,0],[113.609861205,-6.99547288999997,0],[113.609872557,-6.99547860899997,0],[113.609883706,-6.99548471599996,0],[113.609894636,-6.99549120299997,0],[113.609905337,-6.99549806299996,0],[113.609909766,-6.99550112299994,0],[113.609915794,-6.99550528799995,0],[113.609925996,-6.99551286799993,0],[113.60993593,-6.99552079599994,0],[113.609945584,-6.99552906199995,0],[113.609954947,-6.99553765499996,0],[113.609964008,-6.99554656599997,0],[113.609972756,-6.99555578399998,0],[113.60998118,-6.99556529799997,0],[113.609989271,-6.99557509599992,0],[113.609997019,-6.99558516799993,0],[113.610004415,-6.99559549999998,0],[113.610010125,-6.99560347499994,0],[113.610016108,-6.99561124799993,0],[113.610022357,-6.99561880799996,0],[113.610028865,-6.99562614699994,0],[113.610035624,-6.99563325599996,0],[113.610042626,-6.99564012599996,0],[113.610049862,-6.99564674999993,0],[113.610057324,-6.99565311799995,0],[113.610065002,-6.99565922399995,0],[113.610072888,-6.99566506099995,0],[113.610080972,-6.99567061999994,0],[113.610089244,-6.99567589599997,0],[113.610097694,-6.99568088199993,0],[113.610106313,-6.99568557199996,0],[113.610115088,-6.99568995999994,0],[113.610124012,-6.99569404199997,0],[113.610133071,-6.99569781099996,0],[113.610142256,-6.99570126499998,0],[113.610151555,-6.99570439799993,0],[113.610160958,-6.99570720599996,0],[113.610170452,-6.99570968699993,0],[113.610180027,-6.99571183799998,0],[113.61018967,-6.99571365499997,0],[113.610199371,-6.99571513599994,0],[113.610209118,-6.99571628099994,0],[113.610218898,-6.99571708699995,0],[113.610228701,-6.99571755299996,0],[113.610238514,-6.99571767999993,0],[113.610248325,-6.99571746599997,0],[113.610258123,-6.99571691199998,0],[113.610267896,-6.99571601899993,0],[113.610277632,-6.99571478699994,0],[113.610287319,-6.99571321899998,0],[113.610296946,-6.99571131599993,0],[113.610306501,-6.99570907999993,0],[113.610313495,-6.99570718499996,0],[113.610315973,-6.99570651399995,0],[113.61032535,-6.99570362199995,0],[113.610334621,-6.99570040599997,0],[113.610343775,-6.99569687099995,0],[113.6103528,-6.99569302099997,0],[113.610361686,-6.99568885999997,0],[113.610370423,-6.99568439299998,0],[113.610378999,-6.99567962599997,0],[113.610387404,-6.99567456499994,0],[113.610395628,-6.99566921599995,0],[113.610403662,-6.99566358499993,0],[113.610411496,-6.99565767799993,0],[113.610419119,-6.99565150399997,0],[113.610426524,-6.99564506899998,0],[113.6104337,-6.99563838099994,0],[113.61044064,-6.99563144799993,0],[113.610447336,-6.99562427899997,0],[113.610453778,-6.99561688199998,0],[113.610459959,-6.99560926699996,0],[113.610465873,-6.99560144099996,0],[113.610471511,-6.99559341599996,0],[113.610476866,-6.99558519899995,0],[113.610481934,-6.99557680199996,0],[113.610486706,-6.99556823499995,0],[113.610491179,-6.99555950699994,0],[113.610495345,-6.99555062899998,0],[113.610499201,-6.99554161199995,0],[113.610502741,-6.99553246699998,0],[113.610505962,-6.99552320499993,0],[113.610508859,-6.99551383699998,0],[113.610511429,-6.99550437399995,0],[113.610513669,-6.99549482699996,0],[113.610515576,-6.99548520899998,0],[113.610517147,-6.99547552999996,0],[113.610518382,-6.99546580299995,0],[113.610519278,-6.99545603899998,0],[113.610519835,-6.99544624899994,0],[113.610520051,-6.99543644599993,0],[113.610519927,-6.99542664199993,0],[113.610519462,-6.99541684699994,0],[113.610518658,-6.99540707499995,0],[113.610517515,-6.99539733699993,0],[113.610516034,-6.99538764399995,0],[113.610514217,-6.99537800799993,0],[113.610512067,-6.99536844099993,0],[113.610509586,-6.99535895399993,0],[113.610506777,-6.99534955899998,0],[113.610503644,-6.99534026699996,0],[113.610472448,-6.99525687199997,0],[113.610438705,-6.99517447299996,0],[113.610402448,-6.99509314699998,0],[113.61036371,-6.99501297099994,0],[113.610322529,-6.99493401999996,0],[113.610184882,-6.99468769399994,0],[113.610040663,-6.99444514999993,0],[113.609889976,-6.99420656499996,0],[113.609833573,-6.99412303799994,0],[113.609799977,-6.99407328499996,0],[113.609705453,-6.99394317099996,0],[113.609606514,-6.99381637499994,0],[113.609503277,-6.99369304799995,0],[113.609395865,-6.99357333399996,0],[113.609373487,-6.99354839199998,0],[113.60935198,-6.99352269599996,0],[113.60933137,-6.99349627699996,0],[113.60931168,-6.99346916699994,0],[113.609292935,-6.99344139599998,0],[113.609275155,-6.99341299799994,0],[113.609258363,-6.99338400599993,0],[113.609242579,-6.99335445399993,0],[113.609227819,-6.99332437899994,0],[113.609214104,-6.99329381399997,0],[113.609201447,-6.99326279599995,0],[113.609193813,-6.99324210799995,0],[113.609186876,-6.99322117599996,0],[113.609180644,-6.99320002399998,0],[113.609175123,-6.99317867599996,0],[113.60917032,-6.99315715499995,0],[113.60916624,-6.99313548599997,0],[113.609162888,-6.99311369199995,0],[113.609160267,-6.99309179899996,0],[113.60915838,-6.99306982999997,0],[113.60915723,-6.99304781099994,0],[113.609156818,-6.99302576499997,0],[113.609157144,-6.99300371799995,0],[113.609158207,-6.99298169399998,0],[113.609160007,-6.99295971799995,0],[113.609162542,-6.99293781499995,0],[113.609165809,-6.99291600799995,0],[113.609207523,-6.99268861699994,0],[113.60925649,-6.99246267399997,0],[113.609312659,-6.99223840999997,0],[113.609375974,-6.99201605499997,0],[113.609446369,-6.99179583499995,0],[113.609494313,-6.99166077299998,0],[113.60952013,-6.99159470399997,0],[113.609546477,-6.99152728099995,0],[113.60960281,-6.99139549199998,0],[113.609663257,-6.99126553499997,0],[113.609689995,-6.99120803499994,0],[113.609714902,-6.99114971999995,0],[113.609737952,-6.99109064799995,0],[113.609759122,-6.99103087799995,0],[113.609778393,-6.99097046899993,0],[113.609795743,-6.99090948199995,0],[113.609805172,-6.99087167399995,0],[113.609813312,-6.99083356799997,0],[113.609820154,-6.99079520899994,0],[113.609825691,-6.99075663899993,0],[113.609829916,-6.99071790399995,0],[113.609832824,-6.99067904899994,0],[113.609834412,-6.99064011699994,0],[113.609834678,-6.99060115399993,0],[113.609833622,-6.99056220399996,0],[113.609831244,-6.99052331199994,0],[113.609827548,-6.99048452399995,0],[113.609822538,-6.99044588199996,0],[113.60981622,-6.99040743299997,0],[113.609808601,-6.99036921999993,0],[113.60979969,-6.99033128699995,0],[113.609791969,-6.99029837999996,0],[113.609785389,-6.99026522799994,0],[113.609779957,-6.99023186799997,0],[113.609775679,-6.99019834099994,0],[113.609772562,-6.99016468599996,0],[113.609770607,-6.99013094399993,0],[113.609769819,-6.99009715499994,0],[113.609770197,-6.99006335899998,0],[113.609771741,-6.99002959599994,0],[113.60977445,-6.98999590599993,0],[113.60977832,-6.98996232999997,0],[113.609783346,-6.98992890599993,0],[113.609789523,-6.98989567599995,0],[113.609796843,-6.98986267899994,0],[113.609805298,-6.98982995299997,0],[113.609814877,-6.98979753799995,0],[113.609840957,-6.98971891699995,0],[113.609869494,-6.98964115199993,0],[113.609900458,-6.98956431899995,0],[113.60993382,-6.98948849599998,0],[113.609969547,-6.98941375499993,0],[113.610007603,-6.98934017199997,0],[113.61006081,-6.98923717999998,0],[113.610110664,-6.98913252599993,0],[113.610157114,-6.98902631999994,0],[113.610200109,-6.98891867199995,0],[113.610239607,-6.98880969299995,0],[113.610291016,-6.98865236899996,0],[113.610337452,-6.98849350799998,0],[113.610378867,-6.98833326799996,0],[113.610415221,-6.98817180599997,0],[113.610438204,-6.98806983199995,0],[113.610464429,-6.98796864199994,0],[113.610493869,-6.98786833899993,0],[113.610526493,-6.98776902399993,0],[113.610562269,-6.98767079899994,0],[113.610586268,-6.98761101999997,0],[113.610612231,-6.98755206599998,0],[113.610640128,-6.98749400099996,0],[113.610669929,-6.98743688899998,0],[113.610701602,-6.98738079099996,0],[113.610735113,-6.98732576899994,0],[113.610770424,-6.98727188299995,0],[113.610807497,-6.98721919199994,0],[113.610820798,-6.98720155699993,0],[113.610846292,-6.98716775299994,0],[113.610886767,-6.98711762299996,0],[113.610928876,-6.98706885599995,0],[113.610962964,-6.98702932499998,0],[113.610995672,-6.98698864799996,0],[113.611026961,-6.98694687099993,0],[113.611056795,-6.98690404399997,0],[113.611085138,-6.98686021799995,0],[113.611111956,-6.98681544399994,0],[113.611137219,-6.98676977699995,0],[113.611160896,-6.98672326799993,0],[113.611182959,-6.98667597399998,0],[113.611203382,-6.98662794999996,0],[113.611222141,-6.98657925399993,0],[113.611239214,-6.98652994099996,0],[113.611399766,-6.98603548199998,0],[113.611475246,-6.98580246799997,0],[113.611637301,-6.98530219099996,0],[113.611811262,-6.98477256099994,0],[113.611911035,-6.98446679699993,0],[113.611913864,-6.98445744899993,0],[113.611916373,-6.98444800999994,0],[113.61191856,-6.98443849199998,0],[113.611920422,-6.98442890499996,0],[113.611921956,-6.98441926099997,0],[113.611923163,-6.98440956899998,0],[113.611924039,-6.98439984299995,0],[113.611924583,-6.98439009199996,0],[113.611924796,-6.98438032899998,0],[113.611924677,-6.98437056399996,0],[113.611924226,-6.98436080799996,0],[113.611923444,-6.98435107399996,0],[113.611922331,-6.98434137099997,0],[113.611920889,-6.98433171199997,0],[113.61191912,-6.98432210799996,0],[113.611917025,-6.98431256899994,0],[113.611914606,-6.98430310699996,0],[113.611911868,-6.98429373199997,0],[113.611908812,-6.98428445599995,0],[113.611905443,-6.98427528899998,0],[113.611901764,-6.98426624099994,0],[113.61189778,-6.98425732399994,0],[113.611893494,-6.98424854599995,0],[113.611888913,-6.98423991999994,0],[113.611884041,-6.98423145399994,0],[113.611878885,-6.98422315799996,0],[113.611873449,-6.98421504199996,0],[113.61186774,-6.98420711499995,0],[113.611861765,-6.98419938599994,0],[113.611851679,-6.98418634299998,0],[113.61184204,-6.98417296699995,0],[113.611832858,-6.98415927299993,0],[113.611824144,-6.98414527799997,0],[113.611815907,-6.98413099599998,0],[113.611808158,-6.98411644499993,0],[113.611800905,-6.98410164099994,0],[113.611794156,-6.98408660099994,0],[113.611787919,-6.98407134099995,0],[113.611782201,-6.98405587999997,0],[113.611777009,-6.98404023499995,0],[113.611772348,-6.98402442399993,0],[113.611768224,-6.98400846499993,0],[113.611764641,-6.98399237499996,0],[113.611761604,-6.98397617399996,0],[113.611759117,-6.98395987999993,0],[113.611757181,-6.98394351099995,0],[113.611755799,-6.98392708599994,0],[113.611754973,-6.98391062399998,0],[113.611754703,-6.98389414299993,0],[113.611754991,-6.98387766299993,0],[113.611755835,-6.98386120199996,0],[113.61176445,-6.98376054699997,0],[113.611776536,-6.98366024999996,0],[113.611792078,-6.98356042899997,0],[113.611811057,-6.98346120299993,0],[113.61183345,-6.98336269099997,0],[113.611859034,-6.98325118799994,0],[113.611881208,-6.98313895899997,0],[113.611899952,-6.98302610699994,0],[113.611915248,-6.98291273699994,0],[113.611927082,-6.98279895499996,0],[113.611946302,-6.98253277699996,0],[113.611973905,-6.98211643299993,0],[113.611979291,-6.98205910099995,0],[113.611986625,-6.98200198599994,0],[113.6119959,-6.98194515299997,0],[113.612007105,-6.98188866899994,0],[113.612020226,-6.98183259699994,0],[113.612035249,-6.98177700499997,0],[113.612052156,-6.98172195499995,0],[113.612070927,-6.98166751199994,0],[113.612091542,-6.98161373799996,0],[113.612113975,-6.98156069599997,0],[113.612138201,-6.98150844799994,0],[113.612164192,-6.98145705299993,0],[113.612191918,-6.98140657099998,0],[113.612221347,-6.98135706199997,0],[113.612252445,-6.98130858099995,0],[113.612285175,-6.98126118499994,0],[113.612292682,-6.98125031299998,0],[113.612299814,-6.98123919099993,0],[113.612306563,-6.98122783199995,0],[113.61231292,-6.98121625099998,0],[113.612318878,-6.98120445899997,0],[113.61232443,-6.98119247199998,0],[113.612329571,-6.98118030199993,0],[113.612334292,-6.98116796399995,0],[113.61233859,-6.98115547199995,0],[113.61234246,-6.98114284199994,0],[113.612345896,-6.98113008699994,0],[113.612348894,-6.98111722199997,0],[113.612351452,-6.98110426199997,0],[113.612353567,-6.98109122299996,0],[113.612355235,-6.98107811999995,0],[113.612356455,-6.98106496699995,0],[113.612357225,-6.98105177999997,0],[113.612357545,-6.98103857499996,0],[113.612357415,-6.98102536699997,0],[113.612356833,-6.98101216999993,0],[113.612355802,-6.98099900099993,0],[113.612354322,-6.98098587499993,0],[113.612352395,-6.98097280699994,0],[113.612350023,-6.98095981299997,0],[113.612347209,-6.98094690599993,0],[113.612343956,-6.98093410299998,0],[113.612340269,-6.98092141799998,0],[113.61233615,-6.98090886699993,0],[113.612331606,-6.98089646299997,0],[113.612326641,-6.98088421999995,0],[113.612321261,-6.98087215399994,0],[113.612315473,-6.98086027899996,0],[113.612309282,-6.98084860699993,0],[113.612302698,-6.98083715399997,0],[113.612295726,-6.98082593099997,0],[113.612284631,-6.98080936699995,0],[113.612272973,-6.98079319599998,0],[113.612260764,-6.98077743399995,0],[113.612248019,-6.98076210299996,0],[113.612234753,-6.98074721899997,0],[113.612220983,-6.98073279999994,0],[113.612206723,-6.98071886399993,0],[113.612191991,-6.98070542599993,0],[113.612176805,-6.98069250399993,0],[113.612161183,-6.98068011199996,0],[113.612145143,-6.98066826399997,0],[113.612128704,-6.98065697599998,0],[113.612111886,-6.98064625999996,0],[113.612094708,-6.98063612899995,0],[113.612077192,-6.98062659499993,0],[113.612059357,-6.98061766899997,0],[113.612041225,-6.98060936199994,0],[113.612022817,-6.98060168499995,0],[113.612004156,-6.98059464499994,0],[113.611985264,-6.98058825099997,0],[113.611893096,-6.98055709499994,0],[113.611802034,-6.98052284699997,0],[113.611712181,-6.98048554599995,0],[113.61162364,-6.98044523499993,0],[113.611536512,-6.98040195999994,0],[113.611450896,-6.98035576899997,0],[113.611366889,-6.98030671699996,0],[113.611284589,-6.98025485799997,0],[113.611204087,-6.98020025199997,0],[113.610893763,-6.97997631899995,0],[113.610861037,-6.97995144799995,0],[113.61082895,-6.97992576199994,0],[113.61079752,-6.97989927599997,0],[113.610789665,-6.97989224499997,0],[113.610782059,-6.97988494599997,0],[113.610774709,-6.97987738899997,0],[113.610767626,-6.97986958199994,0],[113.610760818,-6.97986153499994,0],[113.610754292,-6.97985325799993,0],[113.610748057,-6.97984475899995,0],[113.610742119,-6.97983605099995,0],[113.610736487,-6.97982714199998,0],[113.610731167,-6.97981804399996,0],[113.610726165,-6.97980876699995,0],[113.610721487,-6.97979932299995,0],[113.610717139,-6.97978972299995,0],[113.610713126,-6.97977997899994,0],[113.610709453,-6.97977010099993,0],[113.610706124,-6.97976010299993,0],[113.610703143,-6.97974999499996,0],[113.610700514,-6.97973978999994,0],[113.61069824,-6.97972950099995,0],[113.610696324,-6.97971913899994,0],[113.610694768,-6.97970871699994,0],[113.610693573,-6.97969824799998,0],[113.610692742,-6.97968774299994,0],[113.610692275,-6.97967721599997,0],[113.610692172,-6.97966667999998,0],[113.610692435,-6.97965614599997,0],[113.610693062,-6.97964562699997,0],[113.610694054,-6.97963513599996,0],[113.610695407,-6.97962468599997,0],[113.610698433,-6.97960135599993,0],[113.610700653,-6.97957793599994,0],[113.610702066,-6.97955445399998,0],[113.610702671,-6.97953093699994,0],[113.610702466,-6.97950741299996,0],[113.610701452,-6.97948390999994,0],[113.610699629,-6.97946045599997,0],[113.610697001,-6.97943707799993,0],[113.61069357,-6.97941380499998,0],[113.61068934,-6.97939066299995,0],[113.610684317,-6.97936767999994,0],[113.610678505,-6.97934488299995,0],[113.610671913,-6.97932229899993,0],[113.610664547,-6.97929995499993,0],[113.610656417,-6.97927787699996,0],[113.610647532,-6.97925609199996,0],[113.610637903,-6.97923462499995,0],[113.610627541,-6.97921350099995,0],[113.610616458,-6.97919274499998,0],[113.610608059,-6.97917823199998,0],[113.610599174,-6.97916400999998,0],[113.610589812,-6.97915009699994,0],[113.610579985,-6.97913650799995,0],[113.610569703,-6.97912325899995,0],[113.610558978,-6.97911036499994,0],[113.610547823,-6.97909784099994,0],[113.610536251,-6.97908570199996,0],[113.61053495,-6.97908442699998,0],[113.610524274,-6.97907395999994,0],[113.610511906,-6.97906262999993,0],[113.610499162,-6.97905172499998,0],[113.610486056,-6.97904125599996,0],[113.610472603,-6.97903123699996,0],[113.610458819,-6.97902167799998,0],[113.610444718,-6.97901258999997,0],[113.610430319,-6.97900398399997,0],[113.610415636,-6.97899586999995,0],[113.610400686,-6.97898825699997,0],[113.610385488,-6.97898115399994,0],[113.610370057,-6.97897456799996,0],[113.610362361,-6.97897158599994,0],[113.610354413,-6.97896850699993,0],[113.610338572,-6.97896297899996,0],[113.610322554,-6.97895798999997,0],[113.610306375,-6.97895354499997,0],[113.610290055,-6.97894964899996,0],[113.610276313,-6.97894635999995,0],[113.610262693,-6.97894259299994,0],[113.610249214,-6.97893835299993,0],[113.610235892,-6.97893364499993,0],[113.610222742,-6.97892847499998,0],[113.610209781,-6.97892284799997,0],[113.610197025,-6.97891677299998,0],[113.610184489,-6.97891025499996,0],[113.610172189,-6.97890330399997,0],[113.610160139,-6.97889592699994,0],[113.610148355,-6.97888813499998,0],[113.610136851,-6.97887993499995,0],[113.61012564,-6.97887133899997,0],[113.610114737,-6.97886235599998,0],[113.610104155,-6.97885299799998,0],[113.610093907,-6.97884327699995,0],[113.610084005,-6.97883320299997,0],[113.610074461,-6.97882278999998,0],[113.610065288,-6.97881204899994,0],[113.610056495,-6.97880099499997,0],[113.610048095,-6.97878964099993,0],[113.610040097,-6.97877800099997,0],[113.610032512,-6.97876608799993,0],[113.610025347,-6.97875391699995,0],[113.610018613,-6.97874150399997,0],[113.610012316,-6.97872886299996,0],[113.610006466,-6.97871600999997,0],[113.610000266,-6.97870102899998,0],[113.609994585,-6.97868584299994,0],[113.609989431,-6.97867047099993,0],[113.609984809,-6.97865493099994,0],[113.609980726,-6.97863924099994,0],[113.609977185,-6.97862341999996,0],[113.609975871,-6.97861642699996,0],[113.609974191,-6.97860748699998,0],[113.609971749,-6.97859145999996,0],[113.609969859,-6.97857535899993,0],[113.609968526,-6.97855920199993,0],[113.609967749,-6.97854300899996,0],[113.609967532,-6.97852679799996,0],[113.609967872,-6.97851058999993,0],[113.609968771,-6.97849440399995,0],[113.609970227,-6.97847825699995,0],[113.609972238,-6.97846217099993,0],[113.609974802,-6.97844616299994,0],[113.609977916,-6.97843025199995,0],[113.609981577,-6.97841445899996,0],[113.609985779,-6.97839879999998,0],[113.609990518,-6.97838329499996,0],[113.609995789,-6.97836796299993,0],[113.610001584,-6.97835282099993,0],[113.610007898,-6.97833788699995,0],[113.610014723,-6.97832317899997,0],[113.61002205,-6.97830871399998,0],[113.610029871,-6.97829451099994,0],[113.610038176,-6.97828058399995,0],[113.610046957,-6.97826695099997,0],[113.610056202,-6.97825362899994,0],[113.6100659,-6.97824063199994,0],[113.610076041,-6.97822797699996,0],[113.610086611,-6.97821567799997,0],[113.610097599,-6.97820374899993,0],[113.610108991,-6.97819220599996,0],[113.610124017,-6.97817698199998,0],[113.610138509,-6.97816125099996,0],[113.610152453,-6.97814503099994,0],[113.61016583,-6.97812834299998,0],[113.610178625,-6.97811120499995,0],[113.610190824,-6.97809363699997,0],[113.610202411,-6.97807566099993,0],[113.610213373,-6.97805729799995,0],[113.610223696,-6.97803856899998,0],[113.61023337,-6.97801949699993,0],[113.610242381,-6.97800010399993,0],[113.610250721,-6.97798041299995,0],[113.610258378,-6.97796044699993,0],[113.610265344,-6.97794023099993,0],[113.610271611,-6.97791978599997,0],[113.610274271,-6.97790990699997,0],[113.61027717,-6.97789913899993,0],[113.610282017,-6.97787831299996,0],[113.610286144,-6.97785733299997,0],[113.610289547,-6.97783622399993,0],[113.610292222,-6.97781500999997,0],[113.610294166,-6.97779371699994,0],[113.610295376,-6.97777236899998,0],[113.610295851,-6.97775099299997,0],[113.610295591,-6.97772961299995,0],[113.610294595,-6.97770825499992,0],[113.610292866,-6.97768694299998,0],[113.610290405,-6.97766570399995,0],[113.610287214,-6.97764456099998,0],[113.610283298,-6.97762354099996,0],[113.610278662,-6.97760266699993,0],[113.610214154,-6.97734794199994,0],[113.610143418,-6.97709487399993,0],[113.610128846,-6.97704727599995,0],[113.610066498,-6.97684361299997,0],[113.609988771,-6.97661099099997,0],[113.609904957,-6.97638048899995,0],[113.609815117,-6.97615226399995,0],[113.60962048,-6.97569694299995,0],[113.609353883,-6.97511878499995,0],[113.609333218,-6.97507723799993,0],[113.609311135,-6.97503642599997,0],[113.609287659,-6.97499639699993,0],[113.60926282,-6.97495719799997,0],[113.609236646,-6.97491887599995,0],[113.609209168,-6.97488147699994,0],[113.609180419,-6.97484504399995,0],[113.609150433,-6.97480962099996,0],[113.609119245,-6.97477524899995,0],[113.609086892,-6.97474196999997,0],[113.609053413,-6.97470982199997,0],[113.609018847,-6.97467884399992,0],[113.608983234,-6.97464907199998,0],[113.608946618,-6.97462054199997,0],[113.608909042,-6.97459328699995,0],[113.608870549,-6.97456733999996,0],[113.608831187,-6.97454273099993,0],[113.608791,-6.97451948999998,0],[113.608750037,-6.97449764399994,0],[113.608730616,-6.97448727999995,0],[113.608711569,-6.97447624399996,0],[113.60869292,-6.97446455099993,0],[113.608674691,-6.97445221299995,0],[113.608656904,-6.97443924699996,0],[113.608639581,-6.97442566899997,0],[113.608622744,-6.97441149399998,0],[113.608606412,-6.97439673999997,0],[113.608590606,-6.97438142499993,0],[113.608575345,-6.97436556799994,0],[113.608560648,-6.97434918799996,0],[113.608546532,-6.97433230499996,0],[113.608533015,-6.97431493899995,0],[113.608520113,-6.97429711299998,0],[113.608507843,-6.97427884699994,0],[113.608496218,-6.97426016399993,0],[113.608485253,-6.97424108599995,0],[113.608474962,-6.97422163799996,0],[113.608465358,-6.97420184199996,0],[113.60845645,-6.97418172399995,0],[113.608448252,-6.97416130599993,0],[113.608440772,-6.97414061499995,0],[113.608434021,-6.97411967599993,0],[113.608428005,-6.97409851399993,0],[113.608422733,-6.97407715499997,0],[113.60841821,-6.97405562399996,0],[113.60841818,-6.97405544999998,0],[113.608414443,-6.97403394899993,0],[113.608411436,-6.97401215599996,0],[113.608408422,-6.97398296399996,0],[113.60840639,-6.97395368799994,0],[113.60840534,-6.97392435999996,0],[113.608405274,-6.97389501299995,0],[113.608406193,-6.97386568099995,0],[113.608408094,-6.97383639599997,0],[113.608410977,-6.97380719099993,0],[113.608414838,-6.97377809899996,0],[113.608419672,-6.97374915199993,0],[113.608425474,-6.97372038399993,0],[113.608432238,-6.97369182599994,0],[113.608439956,-6.97366350999994,0],[113.608448619,-6.97363546899993,0],[113.608458217,-6.97360773399993,0],[113.60846874,-6.97358033599994,0],[113.608480177,-6.97355330499994,0],[113.608528573,-6.97344883099993,0],[113.608580451,-6.97334603799993,0],[113.608635752,-6.97324504299996,0],[113.608694414,-6.97314595899996,0],[113.60875637,-6.97304889799994,0],[113.608821552,-6.97295396899995,0],[113.608889885,-6.97286127899997,0],[113.608961293,-6.97277093299994,0],[113.609469783,-6.97217074099996,0],[113.609645532,-6.97196526299996,0],[113.609816068,-6.97175544599997,0],[113.610399001,-6.97100497099996,0],[113.610486227,-6.97088669399994,0],[113.61056976,-6.97076578699995,0],[113.610613716,-6.97069751499993,0],[113.610655308,-6.97062777899993,0],[113.610694486,-6.97055666199998,0],[113.610731205,-6.97048424699994,0],[113.610765422,-6.97041061899995,0],[113.610797096,-6.97033586299995,0],[113.610826191,-6.97026006699997,0],[113.610866617,-6.97015463099996,0],[113.61091055,-6.97005060599997,0],[113.610957941,-6.96994810599995,0],[113.611008736,-6.96984724799995,0],[113.611062879,-6.96974814499993,0],[113.61112031,-6.96965090599997,0],[113.611357418,-6.96927188699993,0],[113.611822689,-6.96853518499995,0],[113.612020601,-6.96820974999997,0],[113.61221038,-6.96787951299996,0],[113.612294853,-6.96773251499997,0],[113.612382941,-6.96758765199996,0],[113.612474592,-6.96744501299997,0],[113.612483425,-6.96743212399997,0],[113.612492699,-6.96741954999993,0],[113.612502404,-6.96740730299996,0],[113.612512528,-6.96739540099998,0],[113.612523058,-6.96738385499998,0],[113.612533982,-6.96737268199996,0],[113.612545287,-6.96736189299997,0],[113.61255696,-6.96735150199993,0],[113.612568986,-6.96734152099998,0],[113.61258135,-6.96733196299994,0],[113.612594039,-6.96732283799997,0],[113.612607036,-6.96731415799997,0],[113.612620327,-6.96730593299998,0],[113.612633894,-6.96729817299996,0],[113.612647723,-6.96729088799998,0],[113.612661796,-6.96728408599995,0],[113.612676096,-6.96727777499996,0],[113.612690607,-6.96727196299997,0],[113.61270531,-6.96726665599994,0],[113.612720189,-6.96726186199993,0],[113.612735225,-6.96725758599996,0],[113.6127504,-6.96725383299997,0],[113.612765696,-6.96725060699993,0],[113.612781094,-6.96724791299994,0],[113.612796577,-6.96724575299993,0],[113.612812126,-6.96724413099997,0],[113.612827721,-6.96724304799994,0],[113.612843345,-6.96724250599993,0],[113.612858978,-6.96724250499994,0],[113.612874602,-6.96724304499998,0],[113.612890197,-6.96724412499998,0],[113.612905746,-6.96724574499996,0],[113.612956675,-6.96725104699993,0],[113.613007758,-6.96725457399998,0],[113.613058933,-6.96725632399995,0],[113.613110138,-6.96725629299993,0],[113.613161311,-6.96725448199993,0],[113.61321239,-6.96725089299997,0],[113.613263312,-6.96724552999996,0],[113.613314018,-6.96723839999993,0],[113.613364444,-6.96722951199996,0],[113.61341453,-6.96721887499996,0],[113.613464216,-6.96720650399993,0],[113.61351344,-6.96719241299996,0],[113.613562144,-6.96717661799994,0],[113.613610269,-6.96715913999998,0],[113.613657756,-6.96713999999997,0],[113.613704547,-6.96711921999997,0],[113.613750587,-6.96709682599993,0],[113.613818411,-6.96706087799993,0],[113.613884955,-6.96702261399997,0],[113.613950137,-6.96698207799994,0],[113.61401388,-6.96693931799996,0],[113.614076109,-6.96689438699997,0],[113.614136749,-6.96684733599994,0],[113.614195728,-6.96679822299996,0],[113.614252976,-6.96674710499997,0],[113.614308425,-6.96669404499994,0],[113.614362008,-6.96663910299998,0],[113.614381112,-6.96661950799995,0],[113.614400873,-6.96660057499997,0],[113.614421268,-6.96658232599998,0],[113.614442274,-6.96656478199998,0],[113.614463867,-6.96654796499996,0],[113.614486021,-6.96653189199998,0],[113.614508711,-6.96651658399998,0],[113.61453191,-6.96650205799995,0],[113.614555591,-6.96648833099994,0],[113.614579726,-6.96647541799996,0],[113.614604289,-6.96646333599995,0],[113.614629249,-6.96645209699994,0],[113.614654578,-6.96644171499997,0],[113.614680247,-6.96643220199996,0],[113.614706226,-6.96642356899997,0],[113.614732484,-6.96641582599995,0],[113.61475899,-6.96640898199996,0],[113.614853554,-6.96638794699993,0],[113.61494877,-6.96637008799996,0],[113.61504453,-6.96635542699994,0],[113.615140729,-6.96634397999998,0],[113.615237258,-6.96633575899995,0],[113.615334008,-6.96633077499996,0],[113.61543087,-6.96632903099993,0],[113.615576804,-6.96632664499998,0],[113.615722598,-6.96631985399995,0],[113.615868121,-6.96630866399994,0],[113.616013238,-6.96629308699994,0],[113.616157819,-6.96627313599993,0],[113.61630173,-6.96624882899994,0],[113.617400164,-6.96603683199993,0],[113.617464218,-6.96602287699994,0],[113.617527804,-6.96600692799996,0],[113.61759086,-6.96598899899993,0],[113.618083616,-6.96583080899995,0],[113.619005387,-6.96552631999998,0],[113.620362914,-6.96510307799997,0],[113.620374438,-6.96509979599995,0],[113.620386072,-6.96509692199993,0],[113.620397799,-6.96509445799995,0],[113.620409606,-6.96509240899996,0],[113.620421477,-6.96509077499996,0],[113.620433399,-6.96508956099996,0],[113.620445357,-6.96508876599995,0],[113.620545032,-6.96508424799993,0],[113.621836816,-6.96503050999996,0],[113.623171039,-6.96497543599997,0],[113.623253582,-6.96497210999996,0],[113.623341311,-6.96496991699996,0],[113.623429068,-6.96497024699994,0],[113.624746677,-6.96498908699994,0],[113.625600839,-6.96499118499997,0],[113.626214328,-6.96498093199995,0],[113.626224365,-6.96498047899996,0],[113.626226881,-6.96498036599996,0],[113.626239407,-6.96497936699996,0],[113.62625189,-6.96497793799995,0],[113.626264317,-6.96497607899994,0],[113.626276673,-6.96497379299996,0],[113.626288942,-6.96497108299997,0],[113.626301111,-6.96496795199994,0],[113.626313164,-6.96496440399994,0],[113.626325088,-6.96496044199995,0],[113.626336868,-6.96495607199995,0],[113.62634849,-6.96495129899995,0],[113.62635994,-6.96494612799995,0],[113.626371206,-6.96494056599994,0],[113.626382272,-6.96493461899996,0],[113.626393127,-6.96492829399995,0],[113.626403757,-6.96492159899998,0],[113.62641415,-6.96491454199997,0],[113.626424293,-6.96490713099996,0],[113.626434174,-6.96489937499996,0],[113.626443782,-6.96489128299993,0],[113.626453105,-6.96488286499994,0],[113.626461001,-6.96487522499996,0],[113.626578792,-6.96487201399998,0],[113.626619912,-6.96487089399994,0],[113.626768752,-6.96486683399996,0],[113.626829829,-6.96487012199998,0],[113.626892646,-6.96488082999997,0],[113.627117803,-6.96492833799994,0],[113.627476864,-6.96500543199994,0],[113.627778818,-6.96507039099993,0],[113.628051504,-6.96511821899998,0],[113.628236634,-6.96516572999997,0],[113.628308355,-6.96496133699998,0],[113.628336909,-6.96471506299997,0],[113.628326202,-6.96455801799993,0],[113.628301218,-6.96440454299994,0],[113.628290509,-6.96436528199996,0],[113.628322632,-6.96435814499995,0],[113.628647429,-6.96444380399993,0],[113.628920273,-6.96458339999998,0],[113.629229603,-6.96464526699998,0],[113.629438997,-6.96482610399994,0],[113.629567487,-6.96491176499995,0],[113.629791156,-6.96492604199995,0],[113.629991031,-6.96502121999993,0],[113.630447888,-6.96510212199996,0],[113.630985645,-6.96527820199998,0],[113.6310142,-6.96518302299995,0],[113.631442503,-6.96480706899996,0],[113.631556717,-6.96478327399996,0],[113.631661412,-6.96465478299996,0],[113.631770868,-6.96439780099996,0],[113.631799421,-6.96430738199996,0],[113.631847011,-6.96418364999994,0],[113.631994537,-6.96404088299994,0],[113.632237243,-6.96411702499995,0],[113.632565608,-6.96368872199997,0],[113.632656027,-6.96348408799997,0],[113.632746446,-6.96339842799995,0],[113.633093849,-6.96342698099994,0],[113.633388901,-6.96343173999998,0],[113.633579259,-6.96353167699993,0],[113.634159846,-6.96369348299993,0],[113.634194349,-6.96354650899997,0],[113.634527473,-6.96360837499998,0],[113.634570302,-6.96347988499997,0],[113.634946259,-6.96356078799994,0],[113.634951017,-6.96347512599993,0],[113.635417391,-6.96345133099993,0],[113.636193096,-6.96353699199994,0],[113.636464354,-6.96348940199994,0],[113.636578569,-6.96340850099995,0],[113.636668988,-6.96338946499998,0],[113.636783202,-6.96341325999992,0],[113.636868864,-6.96343705399994,0],[113.637002112,-6.96347988499997,0],[113.637111568,-6.96354650899997,0],[113.637420898,-6.96383680399992,0],[113.637563664,-6.96413661599996,0],[113.637668363,-6.96423655299998,0],[113.637763541,-6.96429842099997,0],[113.637863477,-6.96436028499994,0],[113.637939621,-6.96443642999998,0],[113.638025281,-6.96450781199997,0],[113.638068111,-6.96454112399994,0],[113.63807287,-6.96460774999997,0],[113.63807287,-6.96467437399997,0],[113.638091906,-6.96473148099994,0],[113.638168048,-6.96476003499993,0],[113.638229915,-6.96478383099998,0],[113.638282263,-6.96481238299998,0],[113.638334611,-6.96483617699994,0],[113.638401235,-6.96479810599993,0],[113.638448825,-6.96471720399995,0],[113.638472619,-6.96468389199993,0],[113.638529726,-6.96466961699997,0],[113.638815826,-6.96470993999998,0]]]]}},{"type":"Feature","properties":{"fid":14100,"ori_name":"Prancak","kode_kec":"35.29.13","kode_kd":"35.29.13.2002","kode_kk":"35.29","kode_prov":"35","tipe_kd":1,"kecamatan":"Pasongsongan","kel_desa":"Prancak","kab_kota":"Sumenep","provinsi":"Jawa Timur","jenis_kd":"Desa","nama":"Desa Prancak","label":"Desa Prancak, Kecamatan Pasongsongan, Kabupaten Sumenep, Provinsi Jawa Timur, 35.29.13.2002"},"geometry":{"type":"MultiPolygon","coordinates":[[[[113.660310364,-6.96956698499997,0],[113.660439268,-6.96959827199993,0],[113.660517789,-6.96959827199993,0],[113.660539205,-6.96961254999997,0],[113.660574897,-6.96964824099996,0],[113.66064985,-6.96974103999997,0],[113.660973457,-6.97035018299994,0],[113.661222111,-6.97077015599996,0],[113.661860996,-6.97121630499993,0],[113.66223933,-6.97147328599993,0],[113.662432067,-6.97119845899994,0],[113.662560558,-6.97097360099997,0],[113.662731879,-6.97088793999995,0],[113.662803263,-6.97074873999998,0],[113.662821108,-6.97057028299997,0],[113.662567696,-6.97048105199997,0],[113.662731879,-6.97015625499995,0],[113.662917477,-6.96992068999998,0],[113.663203012,-6.96967441499993,0],[113.663414424,-6.96933182299995,0],[113.663541184,-6.96941798699993,0],[113.663975198,-6.96971684699997,0],[113.664518667,-6.97008518599995,0],[113.664742336,-6.97021748499998,0],[113.664906084,-6.97032712199996,0],[113.665116526,-6.97049085699996,0],[113.665302124,-6.97066217799994,0],[113.665480584,-6.97083111999996,0],[113.665787961,-6.97113296399993,0],[113.666158729,-6.97152116499996,0],[113.666349087,-6.97174007399997,0],[113.666544596,-6.97192022299993,0],[113.6666025,-6.97198753899994,0],[113.666629863,-6.97203512699997,0],[113.66664652,-6.97209223399994,0],[113.666671504,-6.97222072599993,0],[113.666722662,-6.97246224099996,0],[113.666807601,-6.97269610599994,0],[113.666879707,-6.97285009399997,0],[113.666622587,-6.97307761099995,0],[113.666504804,-6.97322038099998,0],[113.666469112,-6.97337742499997,0],[113.666476249,-6.97359514499993,0],[113.666365605,-6.97395206399995,0],[113.666140746,-6.97454098099996,0],[113.666062224,-6.97481937699996,0],[113.666051516,-6.97502995899993,0],[113.665926595,-6.97542970899997,0],[113.666040593,-6.97572206199993,0],[113.666005117,-6.97578424999995,0],[113.665905179,-6.97587228999993,0],[113.665833796,-6.97593653499996,0],[113.665843313,-6.97630773099996,0],[113.665840934,-6.97650998499995,0],[113.665614885,-6.97648618899996,0],[113.665545881,-6.97706201899996,0],[113.665740997,-6.97761643399997,0],[113.665909938,-6.97808994799993,0],[113.666019394,-6.97832551299996,0],[113.666088398,-6.97863484199996,0],[113.666181197,-6.97891799799993,0],[113.666343,-6.97931299099997,0],[113.666578567,-6.97967228899995,0],[113.66676051,-6.98008518799998,0],[113.666607595,-6.98013295199996,0],[113.666696826,-6.98028642799994,0],[113.666778918,-6.98047559499997,0],[113.66685744,-6.98077183799995,0],[113.666968085,-6.98102881899996,0],[113.667114422,-6.98136789199998,0],[113.667214359,-6.98153564299997,0],[113.667639093,-6.98172837999994,0],[113.667799706,-6.98179976399996,0],[113.667842537,-6.98181047299994,0],[113.667785429,-6.98222092999993,0],[113.667774722,-6.98247077199994,0],[113.667806845,-6.98262781699998,0],[113.667853244,-6.98277415499996,0],[113.667881798,-6.98294904399995,0],[113.667849675,-6.98318817999996,0],[113.66782826,-6.98337377899998,0],[113.668017427,-6.98340590099997,0],[113.668103088,-6.98353438999993,0],[113.668178041,-6.98378066599997,0],[113.668185179,-6.98414829299998,0],[113.668281547,-6.98473363999994,0],[113.668292255,-6.98477290199997,0],[113.668656917,-6.98491571699998,0],[113.668613482,-6.98512268199994,0],[113.668891879,-6.98524403399995,0],[113.669009662,-6.98546175399997,0],[113.669177414,-6.98553313899993,0],[113.669166707,-6.98564021399994,0],[113.669073908,-6.98585436599996,0],[113.668959694,-6.98617559299993,0],[113.668877602,-6.98635405399995,0],[113.668899017,-6.98637189899995,0],[113.668820495,-6.98660032799995,0],[113.66875625,-6.98658247999998,0],[113.668645605,-6.98689300099994,0],[113.668584928,-6.98704647599993,0],[113.668502837,-6.98731059599993,0],[113.668627759,-6.98735699599996,0],[113.668642036,-6.98759256199997,0],[113.668602774,-6.98784240599997,0],[113.668802649,-6.98787095899996,0],[113.668857046,-6.98790243199994,0],[113.668834772,-6.98805382099994,0],[113.668849049,-6.98833578699993,0],[113.66897754,-6.98833578699993,0],[113.669031077,-6.98843929399993,0],[113.669038216,-6.98856778299995,0],[113.668991816,-6.98877122799996,0],[113.669048923,-6.98881405699996,0],[113.668941848,-6.98907817799994,0],[113.668924002,-6.98926377799995,0],[113.66884191,-6.98943509899993,0],[113.668924002,-6.98948863599998,0],[113.668838341,-6.98979201699996,0],[113.668895448,-6.98980629499994,0],[113.668802649,-6.99010253799997,0],[113.66870985,-6.99048443999993,0],[113.668638466,-6.99077354499997,0],[113.668795511,-6.99080566699996,0],[113.668699142,-6.99108406399995,0],[113.668899017,-6.99120898599995,0],[113.668824064,-6.99146239799995,0],[113.669081046,-6.99155162899996,0],[113.669034647,-6.99173365699994,0],[113.669177414,-6.99177291899997,0],[113.669141722,-6.99187999499998,0],[113.669345166,-6.99199777699994,0],[113.669295198,-6.99222977499994,0],[113.669223814,-6.99249389399995,0],[113.669445104,-6.99255457199996,0],[113.669313044,-6.99355394499997,0],[113.669138153,-6.99393227899998,0],[113.669120307,-6.99414642999994,0],[113.669191691,-6.99432845899997,0],[113.669220245,-6.99444267299998,0],[113.669131015,-6.99479245399993,0],[113.671067751,-7.00000017199994,0],[113.671453267,-7.00099547199994,0],[113.671535762,-7.00115810799997,0],[113.671206738,-7.00142141599997,0],[113.671232572,-7.00175598999994,0],[113.670995326,-7.00211597099997,0],[113.670836441,-7.00227653199994,0],[113.670847737,-7.00234814799995,0],[113.670929625,-7.00243734199995,0],[113.670983346,-7.00244987799994,0],[113.671097657,-7.00247703299993,0],[113.671068367,-7.00256830299998,0],[113.670869765,-7.00268759099993,0],[113.670644308,-7.00278713199998,0],[113.670554525,-7.00286499499992,0],[113.670537721,-7.00297934499997,0],[113.670663339,-7.00316406799993,0],[113.670827372,-7.00328126899996,0],[113.670925959,-7.00334572599996,0],[113.670978179,-7.00353611299994,0],[113.670995171,-7.00375646799995,0],[113.670851234,-7.00400965499995,0],[113.670782453,-7.00413064399993,0],[113.670716935,-7.00426193499993,0],[113.670177385,-7.00520953499995,0],[113.669736033,-7.00537003699998,0],[113.669686026,-7.00541110999995,0],[113.668635521,-7.00627405299997,0],[113.66821693,-7.00680616799997,0],[113.668050884,-7.00709053899993,0],[113.668053404,-7.00753344399993,0],[113.668268472,-7.00790427799996,0],[113.668768699,-7.00848608899997,0],[113.669126944,-7.00906870399996,0],[113.669238767,-7.01000704899997,0],[113.669207011,-7.01066275499994,0],[113.668839384,-7.01155067999997,0],[113.668205872,-7.01249326299995,0],[113.667218125,-7.01356187999994,0],[113.666502156,-7.01436992899994,0],[113.666546212,-7.01505200499997,0],[113.666765661,-7.01576802099993,0],[113.667009041,-7.01648390299994,0],[113.667027866,-7.01666735599997,0],[113.664735845,-7.01708390499994,0],[113.665900986,-7.01305854899994,0],[113.665695345,-7.01271377099994,0],[113.665593759,-7.01255715199994,0],[113.665560163,-7.01254595299997,0],[113.66516213,-7.01245440599996,0],[113.664486417,-7.01229899099997,0],[113.663734714,-7.01212609899994,0],[113.663128493,-7.01198666899995,0],[113.662585837,-7.01186185799997,0],[113.662175851,-7.01180282099995,0],[113.661522204,-7.01170869499992,0],[113.661010057,-7.01163494499997,0],[113.6602606,-7.01152702499996,0],[113.659552872,-7.01142511199993,0],[113.658867929,-7.01132647899993,0],[113.658272583,-7.01122189099993,0],[113.657897496,-7.01115599799994,0],[113.657468213,-7.01108058299997,0],[113.656666927,-7.01093981599996,0],[113.656372522,-7.01093098499996,0],[113.655808799,-7.01091407299998,0],[113.655452201,-7.01090337399995,0],[113.654647181,-7.01087922399995,0],[113.654053742,-7.01086142099996,0],[113.653489128,-7.01084448099994,0],[113.652924514,-7.01082754499993,0],[113.652476092,-7.01081409199998,0],[113.65197002,-7.01079890899996,0],[113.651583705,-7.01078732099995,0],[113.651080307,-7.01077221699995,0],[113.650632776,-7.01075879099994,0],[113.650275287,-7.01074806699995,0],[113.649917797,-7.01073734299996,0],[113.649528544,-7.01072566499994,0],[113.647672565,-7.01051151299993,0],[113.640871387,-7.01044543299997,0],[113.640614405,-7.01045970899997,0],[113.640071888,-7.01084518199997,0],[113.63988629,-7.01118782499998,0],[113.639714969,-7.01141625199995,0],[113.639686415,-7.01164468099995,0],[113.639615031,-7.01204443099994,0],[113.639572201,-7.01240134999995,0],[113.639572201,-7.01277254599995,0],[113.639572201,-7.01305808099994,0],[113.639643585,-7.01325795599996,0],[113.639757799,-7.01342927699994,0],[113.639814906,-7.01368625899994,0],[113.639829183,-7.01395751699994,0],[113.639600755,-7.01440009699996,0],[113.639429433,-7.01481412299995,0],[113.639315219,-7.01489978399997,0],[113.639229559,-7.01509965799994,0],[113.639243835,-7.01532808799993,0],[113.639186728,-7.01557079199995,0],[113.638929747,-7.01578494299997,0],[113.638986854,-7.01604192399998,0],[113.638815532,-7.01627035299992,0],[113.638544094,-7.01668758099993,0],[113.637601512,-7.01633853999994,0],[113.636072586,-7.01586876999994,0],[113.63497048,-7.01555604899994,0],[113.634099587,-7.01533062499993,0],[113.633335474,-7.01515774199993,0],[113.632713041,-7.01493090599996,0],[113.633278142,-7.01328525799994,0],[113.633457304,-7.01295292399993,0],[113.633529687,-7.01241033799994,0],[113.633509099,-7.01143153499993,0],[113.633430369,-7.01084462299997,0],[113.633271141,-7.00935453399995,0],[113.633146309,-7.00861728299998,0],[113.632917914,-7.00824205299995,0],[113.632447562,-7.00776275799996,0],[113.631840433,-7.00710350099996,0],[113.631627285,-7.00675830399996,0],[113.63142763,-7.00612688399997,0],[113.631342062,-7.00432011599997,0],[113.63135508,-7.00394051299997,0],[113.631310935,-7.00371953199993,0],[113.631238962,-7.00301843999995,0],[113.63120929,-7.00272098499994,0],[113.631139589,-7.00226836699994,0],[113.6312149,-7.00206480099996,0],[113.631572269,-7.00134094299995,0],[113.631579397,-7.00112997099995,0],[113.631559257,-7.00107047099993,0],[113.631499689,-7.00089448799997,0],[113.631356616,-7.00064305999996,0],[113.631237598,-7.00034288499995,0],[113.631194768,-7.00013230299993,0],[113.631166215,-7.00006091899996,0],[113.631162646,-6.99998596499995,0],[113.631209045,-6.99991101199993,0],[113.631259014,-6.99983249199994,0],[113.631312552,-6.99974326099994,0],[113.631351813,-6.99967544699996,0],[113.631344674,-6.99965046299997,0],[113.631323259,-6.99964689299998,0],[113.631176922,-6.99961120099994,0],[113.630952063,-6.99955409399996,0],[113.630818002,-6.99942438699998,0],[113.630750205,-6.99936794099995,0],[113.630260037,-6.99912523599994,0],[113.630164857,-6.99904433399996,0],[113.63015534,-6.99898722699993,0],[113.630183894,-6.99889204799996,0],[113.630264795,-6.99877307499997,0],[113.630326662,-6.99870645099998,0],[113.630398044,-6.99866837999997,0],[113.630497982,-6.99863506699995,0],[113.630578884,-6.99859223699997,0],[113.630655027,-6.99853512999994,0],[113.63068834,-6.99847326399993,0],[113.630702616,-6.99839236099996,0],[113.630702616,-6.99831621899995,0],[113.630659786,-6.99826387199994,0],[113.630564608,-6.99820200599993,0],[113.630407563,-6.99811158499995,0],[113.630298108,-6.99805447799997,0],[113.630264795,-6.99798309299996,0],[113.630302866,-6.99790219299996,0],[113.630431358,-6.99784508599993,0],[113.630493224,-6.99780225499995,0],[113.630555089,-6.99774038899994,0],[113.630574124,-6.99767852399998,0],[113.630583643,-6.99750244399996,0],[113.63064075,-6.99729780899997,0],[113.630712134,-6.99719787199996,0],[113.630873938,-6.99701227299994,0],[113.630916768,-6.99695040799998,0],[113.630954839,-6.99688378299993,0],[113.630973875,-6.99683143499993,0],[113.630988152,-6.99677908599995,0],[113.630992911,-6.99671246199995,0],[113.63095008,-6.99666011299996,0],[113.630888214,-6.99662680199998,0],[113.630788276,-6.99658873099997,0],[113.630702616,-6.99654589899995,0],[113.630602679,-6.99650306799998,0],[113.630478947,-6.99644596099995,0],[113.630412322,-6.99639361499993,0],[113.630350456,-6.99634602499998,0],[113.630264795,-6.99632698899995,0],[113.630217206,-6.99628415899997,0],[113.630207688,-6.99623656999995,0],[113.63024576,-6.99616994499996,0],[113.630250519,-6.99612235699993,0],[113.630207688,-6.99605573099996,0],[113.630164857,-6.99601290099997,0],[113.630083957,-6.99594151599996,0],[113.630031608,-6.99576543699993,0],[113.630055403,-6.99567977599997,0],[113.630122028,-6.99560363299997,0],[113.630193412,-6.99556556199997,0],[113.630250519,-6.99555128399993,0],[113.630307626,-6.99554652599994,0],[113.630374251,-6.99557032099995,0],[113.630488465,-6.99558459799994,0],[113.630550331,-6.99555128399993,0],[113.630574124,-6.99547038299994,0],[113.63059792,-6.99538472399996,0],[113.630635991,-6.99531333899995,0],[113.63068834,-6.99524195399994,0],[113.630721652,-6.99518008899997,0],[113.630716893,-6.99512298199994,0],[113.630645509,-6.99507539299998,0],[113.630550331,-6.99507063499993,0],[113.630436117,-6.99507539299998,0],[113.630283831,-6.99502780299997,0],[113.630188653,-6.99498973099998,0],[113.630098233,-6.99489455399993,0],[113.630069679,-6.99482316999996,0],[113.630050644,-6.99475178599994,0],[113.630064921,-6.99452811799995,0],[113.630131546,-6.99439486699993,0],[113.63020293,-6.99430920599997,0],[113.630293349,-6.99426161699995,0],[113.630436117,-6.99421878799996,0],[113.630626474,-6.99414264399996,0],[113.630878696,-6.99416167999993,0],[113.630921527,-6.99417595699992,0],[113.630973875,-6.99426161699995,0],[113.630988152,-6.99440914399997,0],[113.630992911,-6.99449956299998,0],[113.631064294,-6.99458998299997,0],[113.63112616,-6.99464233099997,0],[113.631154714,-6.99470419799997,0],[113.631216579,-6.99473275099996,0],[113.631311757,-6.99473750899995,0],[113.631449766,-6.99470419799997,0],[113.631573499,-6.99464233099997,0],[113.631692472,-6.99458522499998,0],[113.631811445,-6.99452335699993,0],[113.631935176,-6.99447576899996,0],[113.632030356,-6.99447576899996,0],[113.632125534,-6.99448052799994,0],[113.632244507,-6.99450432199995,0],[113.632344444,-6.99452335699993,0],[113.632411069,-6.99452335699993,0],[113.632501489,-6.99450908199998,0],[113.632577631,-6.99448052799994,0],[113.632620462,-6.99444245599994,0],[113.63262998,-6.99439486699993,0],[113.632549078,-6.99435203799993,0],[113.632482453,-6.99432348299996,0],[113.632439623,-6.99428541199995,0],[113.632434864,-6.99421402799993,0],[113.632466589,-6.99409822799993,0],[113.632492764,-6.99407443299998,0],[113.632554629,-6.99406729499998,0],[113.632621255,-6.99408632999996,0],[113.63268788,-6.99412202199994,0],[113.632783058,-6.99413867799996,0],[113.632847304,-6.99413391999997,0],[113.632921067,-6.99411488399994,0],[113.632987692,-6.99402208499993,0],[113.633016246,-6.99393880399998,0],[113.633079301,-6.99371489699996,0],[113.633122132,-6.99343292899994,0],[113.63312927,-6.99331514699998,0],[113.633100717,-6.99322948699995,0],[113.633047179,-6.99316880899994,0],[113.632790197,-6.99297607399996,0],[113.632697398,-6.99288327599993,0],[113.63264386,-6.99279761399993,0],[113.632633152,-6.99272623099995,0],[113.632611736,-6.99265127699994,0],[113.632576045,-6.99242284999997,0],[113.63260103,-6.99194457799996,0],[113.632711675,-6.99164119699998,0],[113.632711675,-6.99138064499994,0],[113.63271021,-6.99102133799994,0],[113.632795165,-6.99076349899997,0],[113.63303513,-6.99024235299993,0],[113.633209142,-6.99003569499996,0],[113.633218849,-6.99002660499997,0],[113.633582618,-6.98954262099994,0],[113.633828868,-6.98927138999994,0],[113.634186353,-6.98875217899996,0],[113.634476901,-6.98834577599996,0],[113.634789589,-6.98787179099998,0],[113.63505723,-6.98739804999997,0],[113.635279444,-6.98685711199994,0],[113.635456988,-6.98638388299997,0],[113.635634029,-6.98582070599997,0],[113.635743241,-6.98521292499993,0],[113.635875105,-6.98462751699998,0],[113.63602799,-6.98377213099997,0],[113.636137328,-6.98318685299995,0],[113.636157967,-6.98284941699995,0],[113.636154062,-6.98215232699994,0],[113.636129516,-6.98179267099994,0],[113.636082582,-6.98145561499996,0],[113.635990976,-6.98118628599997,0],[113.635854072,-6.98087222299995,0],[113.635604807,-6.98060376499996,0],[113.635415035,-6.98038337899993,0],[113.635246594,-6.98035366799996,0],[113.635118103,-6.98035366799996,0],[113.635060996,-6.98036794399997,0],[113.635018165,-6.98040601599996,0],[113.634984853,-6.98044884599994,0],[113.634932504,-6.98050595299998,0],[113.634870639,-6.98052974799998,0],[113.634818291,-6.98052498899995,0],[113.634756425,-6.98051547099993,0],[113.634713594,-6.98048691699995,0],[113.634680281,-6.98045360499998,0],[113.634670764,-6.98037270299994,0],[113.634670764,-6.98030607899994,0],[113.634666005,-6.98026800799994,0],[113.63464221,-6.98021565899995,0],[113.634618416,-6.98019186399995,0],[113.634580345,-6.98016330999997,0],[113.634532755,-6.98013475699997,0],[113.634456613,-6.98009668599997,0],[113.634375711,-6.98008716699997,0],[113.634304327,-6.98007764999994,0],[113.634261497,-6.98003482099995,0],[113.634213907,-6.97997295399995,0],[113.634166318,-6.97991584799996,0],[113.634171077,-6.97986825799995,0],[113.634199631,-6.97984446299995,0],[113.634223426,-6.97980163399995,0],[113.634223426,-6.97956368699994,0],[113.634209149,-6.97913538299997,0],[113.634218667,-6.97905448099993,0],[113.634232942,-6.97899261599997,0],[113.634271015,-6.97888792099997,0],[113.634332881,-6.97872135699993,0],[113.634361434,-6.97850244699993,0],[113.634361434,-6.97840726899994,0],[113.634385229,-6.97834064499995,0],[113.6344233,-6.97827877699996,0],[113.634447094,-6.97821215299996,0],[113.634447094,-6.97813600999996,0],[113.634428059,-6.97805510799998,0],[113.634385229,-6.97794565199996,0],[113.634347157,-6.97785047399998,0],[113.634332881,-6.97773150199993,0],[113.634342399,-6.97762680499994,0],[113.634385229,-6.97745548399996,0],[113.63451372,-6.97715567299997,0],[113.634737709,-6.97660801199993,0],[113.634738437,-6.97655445099997,0],[113.634742345,-6.97638165799998,0],[113.634765847,-6.97507178199993,0],[113.634652147,-6.97454109199998,0],[113.634626522,-6.97436084499998,0],[113.634726682,-6.97423250499997,0],[113.634980094,-6.97380420199994,0],[113.635161323,-6.97350816899996,0],[113.635240589,-6.97344823499998,0],[113.635297101,-6.97340362099993,0],[113.635369262,-6.97331272499997,0],[113.635477718,-6.97321585199995,0],[113.635545427,-6.97304684999995,0],[113.635539717,-6.97301115899995,0],[113.635534006,-6.97297403899995,0],[113.635534006,-6.97292835399998,0],[113.635535434,-6.97287981299996,0],[113.635549711,-6.97283698199993,0],[113.635591113,-6.97278272999995,0],[113.635628233,-6.97272705099994,0],[113.63563537,-6.97268707599994,0],[113.635645365,-6.97263996299995,0],[113.63566678,-6.97259570499995,0],[113.635696761,-6.97256286799995,0],[113.635738164,-6.97253003099996,0],[113.635832391,-6.97248862899994,0],[113.636133672,-6.97237727599997,0],[113.636339216,-6.97234871699993,0],[113.636413455,-6.97232872999996,0],[113.636526241,-6.97229589399996,0],[113.636616185,-6.97226733799994,0],[113.636653305,-6.97224877899993,0],[113.636683286,-6.97222450899994,0],[113.636810349,-6.97214455799997,0],[113.636892083,-6.97210954199994,0],[113.636942647,-6.97210954199994,0],[113.637022954,-6.97209764299993,0],[113.637073517,-6.97209169399997,0],[113.637106235,-6.97207384899997,0],[113.637133004,-6.97205302899994,0],[113.63717167,-6.97199651699998,0],[113.637207362,-6.97193702999994,0],[113.637249002,-6.97187159399994,0],[113.637302541,-6.97180616099996,0],[113.637332284,-6.97178236499997,0],[113.637379873,-6.97177344099993,0],[113.637442334,-6.97179723799997,0],[113.637525615,-6.97182400599996,0],[113.637620793,-6.97180913499994,0],[113.637686229,-6.97176154399995,0],[113.637742741,-6.97170800699996,0],[113.637805202,-6.97163662299994,0],[113.637864688,-6.97155631499993,0],[113.637924175,-6.97142841999994,0],[113.637962841,-6.97137190899997,0],[113.638013404,-6.97131539599997,0],[113.638052071,-6.97127078199998,0],[113.63807884,-6.97122616599995,0],[113.63809371,-6.97118155099997,0],[113.63809371,-6.97111611599996,0],[113.638105608,-6.97107150099993,0],[113.638123455,-6.97102391099997,0],[113.638168069,-6.97095252899993,0],[113.63820376,-6.97088709299993,0],[113.638227556,-6.97083652999993,0],[113.638257299,-6.97075622299997,0],[113.638322734,-6.97050042999996,0],[113.638331657,-6.97040822699995,0],[113.638313882,-6.97020147499995,0],[113.638301914,-6.97002453799996,0],[113.638313811,-6.96991151399993,0],[113.638358426,-6.96976279799998,0],[113.638566918,-6.96928963999994,0],[113.638588765,-6.96922156199997,0],[113.638763436,-6.96897508499995,0],[113.638834821,-6.96883945499997,0],[113.639002573,-6.96858604399995,0],[113.639231001,-6.96837189299993,0],[113.639273831,-6.96834690799994,0],[113.639338077,-6.96826481699998,0],[113.639338077,-6.96821127799996,0],[113.6393238,-6.96816844799997,0],[113.639295247,-6.96810777199994,0],[113.639273831,-6.96807564999995,0],[113.639209586,-6.96796857399994,0],[113.63919174,-6.96791860499997,0],[113.639184602,-6.96784008199995,0],[113.639184602,-6.96773657499995,0],[113.639195309,-6.96766876099997,0],[113.63923457,-6.96752599299998,0],[113.639309523,-6.96735110399993,0],[113.639384476,-6.96717978199996,0],[113.639395184,-6.96714765899998,0],[113.639391615,-6.96711196799993,0],[113.639380907,-6.96708341399994,0],[113.639355922,-6.96705842899996,0],[113.639309523,-6.96704415199997,0],[113.639248846,-6.96702273799997,0],[113.639213155,-6.96700132199993,0],[113.63919174,-6.96697633799994,0],[113.639181033,-6.96692993799996,0],[113.639166755,-6.96687640099998,0],[113.63914891,-6.96683713899995,0],[113.63910251,-6.96679074099995,0],[113.639034696,-6.96674433999993,0],[113.638991865,-6.96671221799994,0],[113.638977588,-6.96667652699995,0],[113.638988296,-6.96655517299996,0],[113.638888127,-6.96637142299994,0],[113.638713506,-6.96585285799995,0],[113.638815826,-6.96470993999998,0],[113.638881193,-6.96397978899995,0],[113.638900228,-6.96359431699995,0],[113.638895469,-6.96313746099997,0],[113.638990648,-6.96314221899996,0],[113.639041126,-6.96271147299996,0],[113.63933222,-6.96263424399996,0],[113.639756953,-6.96253787599994,0],[113.639881875,-6.96257356899997,0],[113.640053196,-6.96260212099997,0],[113.640106734,-6.96258427499993,0],[113.640135288,-6.96253430799993,0],[113.640131718,-6.96247006099998,0],[113.64012458,-6.96240938599993,0],[113.640110303,-6.96233086299998,0],[113.64008175,-6.96225590999995,0],[113.640053196,-6.96218809599998,0],[113.640053196,-6.96211671099996,0],[113.640113872,-6.96202034199996,0],[113.640402977,-6.96206317399998,0],[113.640531468,-6.96205246599993,0],[113.641013309,-6.96210600499995,0],[113.641115982,-6.96189109899996,0],[113.641265888,-6.96191965299994,0],[113.641829821,-6.96202672899994,0],[113.642208155,-6.96210881999997,0],[113.642165324,-6.96236580099998,0],[113.642254555,-6.96242647699995,0],[113.642415168,-6.96246573799993,0],[113.642726476,-6.96264103699997,0],[113.642876427,-6.96270919699998,0],[113.643329714,-6.96274131999996,0],[113.643365406,-6.96296974899997,0],[113.643551003,-6.96303399399994,0],[113.643500419,-6.96342535899993,0],[113.644085158,-6.96353444499994,0],[113.644500152,-6.96359149199998,0],[113.644722146,-6.96364250399995,0],[113.644853016,-6.96365797099998,0],[113.644908934,-6.96365202299995,0],[113.644961282,-6.96361514099993,0],[113.645226592,-6.96342835299993,0],[113.645344375,-6.96336410899994,0],[113.645406241,-6.96335102199993,0],[113.645489522,-6.96335221099997,0],[113.645550199,-6.96336410899994,0],[113.645639428,-6.96339741899993,0],[113.64576554,-6.96343906199996,0],[113.645846441,-6.96345214899998,0],[113.646059402,-6.96346999399998,0],[113.646168858,-6.96348308199993,0],[113.646366215,-6.96353648299993,0],[113.646529347,-6.96359848399993,0],[113.646624525,-6.96362346899997,0],[113.646778,-6.96364607399994,0],[113.646854143,-6.96367581699997,0],[113.647046879,-6.96378646299996,0],[113.647243185,-6.96386617399997,0],[113.647773924,-6.96408656499995,0],[113.648259197,-6.96430045799997,0],[113.648308055,-6.96430607699995,0],[113.64841026,-6.96408940399994,0],[113.648603591,-6.96360458799995,0],[113.648639283,-6.96339935999993,0],[113.649207379,-6.96361945899997,0],[113.649038104,-6.96430381499994,0],[113.649930667,-6.96431499399995,0],[113.650202878,-6.96434545099993,0],[113.650397042,-6.96431308899997,0],[113.650532195,-6.96430928299998,0],[113.650709227,-6.96433022099995,0],[113.651218139,-6.96445813199995,0],[113.651390155,-6.96449284099998,0],[113.651744768,-6.96460433699997,0],[113.652289189,-6.96482705499994,0],[113.652399991,-6.96484795199996,0],[113.652559496,-6.96486512599995,0],[113.652681324,-6.96489748599993,0],[113.652877392,-6.96496410999993,0],[113.653343766,-6.96512781799993,0],[113.654255576,-6.96550091799998,0],[113.655182614,-6.96591018599997,0],[113.65606196,-6.96616051999996,0],[113.656590777,-6.96636134699997,0],[113.656977203,-6.96656977199996,0],[113.657185644,-6.96670682699994,0],[113.657364103,-6.96681675999997,0],[113.657696752,-6.96698808099995,0],[113.657881293,-6.96709343299995,0],[113.657961257,-6.96715044099994,0],[113.658139615,-6.96732901299993,0],[113.658296376,-6.96751346399998,0],[113.658364905,-6.96756771699995,0],[113.658457703,-6.96761483099993,0],[113.658521949,-6.96762767999996,0],[113.65870313,-6.96764150999996,0],[113.658708686,-6.96780629999995,0],[113.658733669,-6.96803829699996,0],[113.659008498,-6.96894487199995,0],[113.659357803,-6.96923064399994,0],[113.660071641,-6.96950904199997,0],[113.660310364,-6.96956698499997,0]]]]}},{"type":"Feature","properties":{"fid":31846,"ori_name":"Padangdangan","kode_kec":"35.29.13","kode_kd":"35.29.13.2009","kode_kk":"35.29","kode_prov":"35","tipe_kd":1,"kecamatan":"Pasongsongan","kel_desa":"Padangdangan","kab_kota":"Sumenep","provinsi":"Jawa Timur","jenis_kd":"Desa","nama":"Desa Padangdangan","label":"Desa Padangdangan, Kecamatan Pasongsongan, Kabupaten Sumenep, Provinsi Jawa Timur, 35.29.13.2009"},"geometry":{"type":"MultiPolygon","coordinates":[[[[113.701557534,-6.88496798299997,0],[113.701523521,-6.88524061299995,0],[113.701410967,-6.88564290899996,0],[113.701126174,-6.88604617699997,0],[113.700803103,-6.88644966299995,0],[113.700728065,-6.88671785799994,0],[113.700346283,-6.88689215699998,0],[113.700310239,-6.88690902999997,0],[113.700212016,-6.88733668899994,0],[113.700015515,-6.88803847499997,0],[113.69990131,-6.88852291699993,0],[113.699819578,-6.88884035099994,0],[113.699755298,-6.88929114199993,0],[113.699740764,-6.88967492499995,0],[113.699760211,-6.89015861499996,0],[113.699780035,-6.89070902399993,0],[113.699833459,-6.89129262099993,0],[113.69988641,-6.89179280099995,0],[113.69997296,-6.89232615099996,0],[113.700025721,-6.89279296899997,0],[113.700112564,-6.89337636999994,0],[113.700165423,-6.89385986799994,0],[113.700202044,-6.89442686999996,0],[113.700239148,-6.89507728499996,0],[113.700276528,-6.89577774599996,0],[113.70019716,-6.89651223399994,0],[113.700065207,-6.89681326099998,0],[113.699757433,-6.89735249399996,0],[113.699585104,-6.89755200399998,0],[113.699227479,-6.89807165599996,0],[113.698979461,-6.89837267199994,0],[113.698740812,-6.89852359099996,0],[113.697944396,-6.89899548399995,0],[113.697622579,-6.89928422199995,0],[113.697503603,-6.89950136599998,0],[113.697318947,-6.90004274799998,0],[113.697298471,-6.90017426899993,0],[113.697301906,-6.90018326699993,0],[113.69743815,-6.90058415599998,0],[113.697266988,-6.90077639199995,0],[113.697115071,-6.90098764399994,0],[113.697135834,-6.90127442599993,0],[113.696889524,-6.90171573199996,0],[113.696891907,-6.90213650599998,0],[113.6965874,-6.90264508999996,0],[113.696577294,-6.90267329899996,0],[113.69646668,-6.90295836699994,0],[113.696381775,-6.90330612099996,0],[113.696402754,-6.90363115399998,0],[113.696116217,-6.90372840899994,0],[113.695936722,-6.90402570399993,0],[113.695895963,-6.90410574199996,0],[113.695880774,-6.90426098699993,0],[113.695843619,-6.90444448099993,0],[113.695743332,-6.90460685699998,0],[113.695777138,-6.90468666299995,0],[113.695625113,-6.90487878799996,0],[113.695492507,-6.90493766199995,0],[113.695467674,-6.90496979399995,0],[113.695305099,-6.90521857199997,0],[113.69528419,-6.90551189899998,0],[113.694994601,-6.90570720399995,0],[113.694619474,-6.90636673599994,0],[113.694582232,-6.90660608899998,0],[113.694642247,-6.90706479199997,0],[113.694492061,-6.90758206099997,0],[113.69414908,-6.90785177499993,0],[113.693777963,-6.90806649599995,0],[113.693764984,-6.90807627299995,0],[113.693725991,-6.90810565399994,0],[113.693129357,-6.90850839299998,0],[113.693033006,-6.90864825799997,0],[113.692923923,-6.90880661199998,0],[113.692761485,-6.90904241699997,0],[113.693016337,-6.90932589399995,0],[113.693260503,-6.90945426199994,0],[113.693262911,-6.90945538299997,0],[113.693895718,-6.90978123799994,0],[113.694065316,-6.90998083799997,0],[113.69412882,-6.91019139399998,0],[113.694160048,-6.91066962199994,0],[113.694093456,-6.91104242699993,0],[113.693953544,-6.91137102699997,0],[113.693914722,-6.91158288399993,0],[113.693982378,-6.91178432399994,0],[113.694062694,-6.91186525999996,0],[113.694125933,-6.91192898599996,0],[113.694366235,-6.91206192199996,0],[113.694545308,-6.91221483299995,0],[113.694678644,-6.91243006999997,0],[113.694016662,-6.91239452699995,0],[113.694014744,-6.91239421999995,0],[113.693809362,-6.91236790399995,0],[113.693508999,-6.91236563499996,0],[113.693290852,-6.91230181999993,0],[113.692986123,-6.91214809299993,0],[113.692955038,-6.91214375999994,0],[113.692563014,-6.91208912199994,0],[113.692004017,-6.91201120999995,0],[113.691834134,-6.91200183399997,0],[113.691347199,-6.91195497699994,0],[113.691335468,-6.91195413999998,0],[113.691117192,-6.91191061699993,0],[113.690698717,-6.91185866599994,0],[113.690335234,-6.91194659999996,0],[113.690206648,-6.91194104799996,0],[113.690035169,-6.91193973899993,0],[113.689861822,-6.91194344699994,0],[113.689458887,-6.91195003399997,0],[113.689367214,-6.91195153499996,0],[113.689132488,-6.91195537599998,0],[113.689012375,-6.91187820699997,0],[113.68886879,-6.91179156399994,0],[113.688021665,-6.91177855399997,0],[113.687755192,-6.91174441299995,0],[113.687457498,-6.91162284799998,0],[113.687283195,-6.91155166699997,0],[113.687082865,-6.91154605499997,0],[113.686940516,-6.91154207099993,0],[113.686099803,-6.91158373699994,0],[113.685712131,-6.91161138799993,0],[113.685417823,-6.91155407599996,0],[113.68526075,-6.91152574999995,0],[113.685098886,-6.91156969299993,0],[113.685091127,-6.91157268299997,0],[113.684937023,-6.91161363799995,0],[113.684597028,-6.91169342899997,0],[113.68450138,-6.91173240799998,0],[113.684375793,-6.91178722699993,0],[113.682933064,-6.91156343299997,0],[113.682183399,-6.91127734699995,0],[113.681965216,-6.91113954399998,0],[113.681703788,-6.91086480399997,0],[113.681374986,-6.91044742499997,0],[113.681301407,-6.91033502699997,0],[113.681155613,-6.91033584899998,0],[113.681192978,-6.90955503599997,0],[113.681214122,-6.90929881999995,0],[113.680953583,-6.90902594499994,0],[113.680744758,-6.90878214599996,0],[113.68060227,-6.90850185399995,0],[113.680585709,-6.90803523899996,0],[113.680448754,-6.90736639099993,0],[113.68041901,-6.90722433499997,0],[113.680452729,-6.90698205399997,0],[113.680464148,-6.90689997599998,0],[113.680576332,-6.90661353599995,0],[113.680667832,-6.90641305299994,0],[113.680702333,-6.90616494799997,0],[113.680715541,-6.90606994899997,0],[113.680734067,-6.90583199999998,0],[113.680889155,-6.90557742299995,0],[113.680899001,-6.90556126499996,0],[113.681093308,-6.90528783499997,0],[113.681173322,-6.90502931699996,0],[113.681222121,-6.90487163799997,0],[113.681244077,-6.90457647099993,0],[113.681213054,-6.90440651799997,0],[113.681065005,-6.90420265999995,0],[113.681003181,-6.90413661799994,0],[113.680868392,-6.90399264099995,0],[113.680709614,-6.90369350099996,0],[113.68062135,-6.90343133899995,0],[113.680613016,-6.90317975099993,0],[113.680671847,-6.90285067099995,0],[113.680656097,-6.90276246499997,0],[113.680639784,-6.90267108099994,0],[113.68058248,-6.90235091299996,0],[113.680426417,-6.90185075299996,0],[113.680296746,-6.90156909699994,0],[113.68012377,-6.90116741899993,0],[113.680054835,-6.90086112299997,0],[113.680082925,-6.90027070399998,0],[113.680121733,-6.90006477099996,0],[113.680166115,-6.89982922599995,0],[113.680185105,-6.89975522799995,0],[113.680220089,-6.89961890099994,0],[113.680266697,-6.89939831399994,0],[113.680312253,-6.89918276899994,0],[113.680329333,-6.89888228699994,0],[113.680373441,-6.89849010699993,0],[113.680431236,-6.89825335399996,0],[113.68059524,-6.89758151399997,0],[113.680653448,-6.89720433699995,0],[113.68064943,-6.89703501799994,0],[113.680530049,-6.89689707999997,0],[113.680433395,-6.89681309499997,0],[113.680516579,-6.89620665499996,0],[113.680602922,-6.89581089399996,0],[113.680776519,-6.89516747999994,0],[113.680822126,-6.89467864799997,0],[113.680888523,-6.89435585899997,0],[113.680891524,-6.89433789599997,0],[113.680978012,-6.89382014399996,0],[113.681106023,-6.89305382899994,0],[113.68115919,-6.89273866199994,0],[113.681438657,-6.89187609399994,0],[113.68156057,-6.89149979599995,0],[113.681661906,-6.89093242199993,0],[113.681669212,-6.89080693999995,0],[113.681716261,-6.88952744699998,0],[113.681744918,-6.88909573999996,0],[113.681878147,-6.88872958999997,0],[113.68193526,-6.88854862399995,0],[113.681979631,-6.88831082699994,0],[113.68210243,-6.88802012799994,0],[113.682231606,-6.88743993899993,0],[113.682248149,-6.88715772399996,0],[113.682241921,-6.88711440399993,0],[113.682324205,-6.88657456299995,0],[113.682434683,-6.88623732299993,0],[113.682545783,-6.88601228299996,0],[113.682656732,-6.88575919399995,0],[113.68268372,-6.88556267499996,0],[113.682709913,-6.88522590599996,0],[113.682712526,-6.88473394499994,0],[113.682726909,-6.88445507599994,0],[113.682757474,-6.88426269299993,0],[113.682772,-6.88396096999998,0],[113.682802063,-6.88363422099997,0],[113.682832629,-6.88339508299993,0],[113.682866928,-6.88320924099997,0],[113.682901912,-6.88294863499993,0],[113.682908141,-6.88263794899996,0],[113.682923179,-6.88234681399996,0],[113.682919697,-6.88225998099995,0],[113.682927197,-6.88226416399993,0],[113.683045976,-6.88228128799994,0],[113.68320601,-6.88228321499997,0],[113.68333934,-6.88232073599994,0],[113.683423813,-6.88235283899996,0],[113.683563438,-6.88236930899996,0],[113.683716522,-6.88237145399995,0],[113.683875682,-6.88234560399997,0],[113.684048739,-6.88231931699994,0],[113.684208335,-6.88230735499997,0],[113.68439638,-6.88231535299997,0],[113.684564452,-6.88235178299993,0],[113.684691052,-6.88239646499994,0],[113.684805502,-6.88249713699997,0],[113.684960332,-6.88255483499995,0],[113.685178135,-6.88262445699996,0],[113.685339695,-6.88267499199998,0],[113.685585291,-6.88274374199995,0],[113.685724914,-6.88276020999996,0],[113.685878216,-6.88276929799997,0],[113.686031517,-6.88277838599993,0],[113.686212394,-6.88277965699996,0],[113.686428231,-6.88278678099994,0],[113.686615619,-6.88277394599993,0],[113.686753931,-6.88274874899997,0],[113.686865105,-6.88274525799994,0],[113.686963474,-6.88277692299994,0],[113.687182804,-6.88289515299994,0],[113.687287903,-6.88291965599996,0],[113.687420795,-6.88294328599994,0],[113.687601889,-6.88295149999993,0],[113.687748023,-6.88295386199997,0],[113.687879604,-6.88293582699993,0],[113.688018134,-6.88291757399998,0],[113.688184895,-6.88291233699994,0],[113.688400293,-6.88290557199997,0],[113.688587897,-6.88289967899993,0],[113.688756186,-6.88294304999994,0],[113.688911232,-6.88300768899995,0],[113.689073009,-6.88306516599994,0],[113.689241734,-6.88312242399996,0],[113.689459315,-6.88318509799996,0],[113.689600028,-6.88323628499995,0],[113.689727281,-6.88330179699994,0],[113.689847586,-6.88336752599997,0],[113.689980914,-6.88340504299993,0],[113.690163535,-6.88346186399997,0],[113.690309885,-6.88347116799997,0],[113.690448632,-6.88345985899997,0],[113.690613207,-6.88338517999995,0],[113.690776689,-6.88327578099995,0],[113.690962544,-6.88321433599998,0],[113.691048851,-6.88319424699995,0],[113.691216031,-6.88314755199997,0],[113.691358799,-6.88312613699998,0],[113.691408768,-6.88317610499996,0],[113.691365937,-6.88326176599998,0],[113.691337384,-6.88331887299995,0],[113.691494428,-6.88339739499997,0],[113.691630058,-6.88343308699996,0],[113.69175141,-6.88353302399997,0],[113.691837071,-6.88359013099995,0],[113.691894178,-6.88358299299995,0],[113.691915593,-6.88347591699994,0],[113.691951285,-6.88336884199992,0],[113.6919727,-6.88328318099997,0],[113.692008392,-6.88326890399998,0],[113.692063814,-6.88331992599996,0],[113.692054113,-6.88342331999996,0],[113.692022669,-6.88355443999995,0],[113.691965562,-6.88375431399993,0],[113.692044084,-6.88386852799994,0],[113.692158298,-6.88388280499993,0],[113.692329619,-6.88373289899994,0],[113.69241528,-6.88370434599994,0],[113.692650846,-6.88369006899995,0],[113.693150533,-6.88364723799998,0],[113.693643082,-6.88355443999995,0],[113.693935755,-6.88341880999997,0],[113.694208047,-6.88340379999994,0],[113.695113589,-6.88339739499997,0],[113.6955062,-6.88342594899996,0],[113.695891672,-6.88348305599993,0],[113.696177208,-6.88352588599997,0],[113.69647702,-6.88353302399997,0],[113.696676894,-6.88352588599997,0],[113.697057663,-6.88360867999995,0],[113.697124155,-6.88363933399995,0],[113.69736974,-6.88370807199993,0],[113.697516742,-6.88373820399994,0],[113.697699139,-6.88378807599997,0],[113.697854619,-6.88386659599996,0],[113.698218785,-6.88417547899996,0],[113.698532874,-6.88431110799996,0],[113.69934072,-6.88436404899994,0],[113.699586706,-6.88439015599994,0],[113.699767814,-6.88449670599994,0],[113.699810645,-6.88458950499995,0],[113.699860613,-6.88470371899996,0],[113.699946274,-6.88476796499998,0],[113.70013901,-6.88482507199996,0],[113.70031747,-6.88480365699996,0],[113.700460237,-6.88476082599993,0],[113.700688666,-6.88478224099993,0],[113.700772035,-6.88483226299996,0],[113.700867125,-6.88488931699993,0],[113.701031308,-6.88497497799995,0],[113.701259736,-6.88498925399995,0],[113.701557534,-6.88496798299997,0]]]]}},{"type":"Feature","properties":{"fid":31849,"ori_name":"Panaongan","kode_kec":"35.29.13","kode_kd":"35.29.13.2010","kode_kk":"35.29","kode_prov":"35","tipe_kd":1,"kecamatan":"Pasongsongan","kel_desa":"Panaongan","kab_kota":"Sumenep","provinsi":"Jawa Timur","jenis_kd":"Desa","nama":"Desa Panaongan","label":"Desa Panaongan, Kecamatan Pasongsongan, Kabupaten Sumenep, Provinsi Jawa Timur, 35.29.13.2010"},"geometry":{"type":"MultiPolygon","coordinates":[[[[113.682919697,-6.88225998099995,0],[113.682923179,-6.88234681399996,0],[113.682908141,-6.88263794899996,0],[113.682901912,-6.88294863499993,0],[113.682866928,-6.88320924099997,0],[113.682832629,-6.88339508299993,0],[113.682802063,-6.88363422099997,0],[113.682772,-6.88396096999998,0],[113.682757474,-6.88426269299993,0],[113.682726909,-6.88445507599994,0],[113.682712526,-6.88473394499994,0],[113.682709913,-6.88522590599996,0],[113.68268372,-6.88556267499996,0],[113.682656732,-6.88575919399995,0],[113.682545783,-6.88601228299996,0],[113.682434683,-6.88623732299993,0],[113.682324205,-6.88657456299995,0],[113.682241921,-6.88711440399993,0],[113.682248149,-6.88715772399996,0],[113.682231606,-6.88743993899993,0],[113.68210243,-6.88802012799994,0],[113.681979631,-6.88831082699994,0],[113.68193526,-6.88854862399995,0],[113.681878147,-6.88872958999997,0],[113.681744918,-6.88909573999996,0],[113.681716261,-6.88952744699998,0],[113.681669212,-6.89080693999995,0],[113.681661906,-6.89093242199993,0],[113.68156057,-6.89149979599995,0],[113.681438657,-6.89187609399994,0],[113.68115919,-6.89273866199994,0],[113.681106023,-6.89305382899994,0],[113.680978012,-6.89382014399996,0],[113.680891524,-6.89433789599997,0],[113.680888523,-6.89435585899997,0],[113.680822126,-6.89467864799997,0],[113.680776519,-6.89516747999994,0],[113.680602922,-6.89581089399996,0],[113.680516579,-6.89620665499996,0],[113.680433395,-6.89681309499997,0],[113.680530049,-6.89689707999997,0],[113.68064943,-6.89703501799994,0],[113.680653448,-6.89720433699995,0],[113.68059524,-6.89758151399997,0],[113.680431236,-6.89825335399996,0],[113.680373441,-6.89849010699993,0],[113.680329333,-6.89888228699994,0],[113.680312253,-6.89918276899994,0],[113.680266697,-6.89939831399994,0],[113.680220089,-6.89961890099994,0],[113.680185105,-6.89975522799995,0],[113.680166115,-6.89982922599995,0],[113.680121733,-6.90006477099996,0],[113.680082925,-6.90027070399998,0],[113.680054835,-6.90086112299997,0],[113.68012377,-6.90116741899993,0],[113.680296746,-6.90156909699994,0],[113.680426417,-6.90185075299996,0],[113.68058248,-6.90235091299996,0],[113.680639784,-6.90267108099994,0],[113.680656097,-6.90276246499997,0],[113.680671847,-6.90285067099995,0],[113.680613016,-6.90317975099993,0],[113.68062135,-6.90343133899995,0],[113.680709614,-6.90369350099996,0],[113.680868392,-6.90399264099995,0],[113.681003181,-6.90413661799994,0],[113.681065005,-6.90420265999995,0],[113.681213054,-6.90440651799997,0],[113.681244077,-6.90457647099993,0],[113.681222121,-6.90487163799997,0],[113.681173322,-6.90502931699996,0],[113.681093308,-6.90528783499997,0],[113.680899001,-6.90556126499996,0],[113.680889155,-6.90557742299995,0],[113.680734067,-6.90583199999998,0],[113.680715541,-6.90606994899997,0],[113.680702333,-6.90616494799997,0],[113.680667832,-6.90641305299994,0],[113.680576332,-6.90661353599995,0],[113.680464148,-6.90689997599998,0],[113.680452729,-6.90698205399997,0],[113.68041901,-6.90722433499997,0],[113.680448754,-6.90736639099993,0],[113.680585709,-6.90803523899996,0],[113.68060227,-6.90850185399995,0],[113.680744758,-6.90878214599996,0],[113.680953583,-6.90902594499994,0],[113.681214122,-6.90929881999995,0],[113.681192978,-6.90955503599997,0],[113.681155613,-6.91033584899998,0],[113.681089642,-6.91063967499997,0],[113.680908803,-6.91080147999998,0],[113.680594715,-6.91089665899995,0],[113.680214001,-6.91098231799998,0],[113.679823769,-6.91112508499998,0],[113.679395466,-6.91128688999993,0],[113.679138484,-6.91134399799995,0],[113.678824396,-6.91140110399994,0],[113.678415128,-6.91136303199994,0],[113.677456205,-6.91142489699996,0],[113.676635291,-6.91137730799994,0],[113.675861966,-6.91123453999995,0],[113.675171923,-6.91113936199997,0],[113.674458085,-6.91118695299997,0],[113.674029782,-6.91125833499996,0],[113.673853702,-6.91140348199997,0],[113.673511059,-6.91149866099994,0],[113.673092274,-6.91161287499995,0],[113.672673488,-6.91172708899995,0],[113.672349882,-6.91186033999998,0],[113.671969168,-6.91191744799994,0],[113.671188705,-6.91191744799994,0],[113.67063667,-6.91178419599993,0],[113.669530487,-6.91167718599996,0],[113.669148409,-6.91181424999996,0],[113.668495975,-6.91193034699995,0],[113.667933104,-6.91195598399997,0],[113.667438051,-6.91202622499998,0],[113.666740324,-6.91209759299994,0],[113.666380259,-6.91214458199994,0],[113.665997798,-6.91221419099998,0],[113.665637737,-6.91226118099996,0],[113.665187972,-6.91237613099997,0],[113.664603216,-6.91251432799993,0],[113.663770618,-6.91263141799993,0],[113.663027714,-6.91268054799997,0],[113.662487365,-6.91270606299997,0],[113.661947519,-6.91282151399997,0],[113.661543044,-6.91298119099997,0],[113.661071516,-6.91323118299994,0],[113.660397935,-6.91359474299998,0],[113.659746993,-6.91398065999994,0],[113.659230673,-6.91427587599998,0],[113.65873662,-6.91452599899998,0],[113.65835454,-6.91466305799997,0],[113.657904383,-6.91471054799996,0],[113.657341263,-6.91469119999994,0],[113.65673285,-6.91462713999994,0],[113.65621476,-6.91460753999996,0],[113.655700753,-6.91454187599993,0],[113.655328422,-6.91450478899998,0],[113.655417121,-6.91425693899993,0],[113.655392085,-6.91380733099993,0],[113.655209788,-6.91342606699993,0],[113.655028499,-6.91322469799996,0],[113.654896841,-6.91320791599998,0],[113.654371643,-6.91317854899995,0],[113.65420984,-6.91310716599997,0],[113.654062313,-6.91291204999993,0],[113.654029001,-6.91278831899996,0],[113.65403376,-6.91260271999994,0],[113.654057555,-6.91242188099994,0],[113.654152732,-6.91192695299998,0],[113.65416225,-6.91153196199997,0],[113.654128938,-6.91121787399993,0],[113.653995687,-6.91096089299998,0],[113.653976653,-6.91073246399998,0],[113.653981412,-6.91062300799996,0],[113.654029001,-6.91033747399996,0],[113.654107155,-6.91008016899997,0],[113.654117041,-6.90999601999994,0],[113.654069451,-6.90982945799993,0],[113.653938581,-6.90946658999997,0],[113.653920735,-6.90937735999995,0],[113.653950479,-6.90925243899994,0],[113.653998068,-6.90915131199995,0],[113.65417402,-6.90888283699996,0],[113.654214948,-6.90868681699993,0],[113.654235583,-6.90834938599994,0],[113.65403376,-6.90787829999994,0],[113.65386125,-6.90767009699994,0],[113.653694686,-6.90749758599998,0],[113.653261342,-6.90729792099995,0],[113.653143455,-6.90723988099995,0],[113.653082805,-6.90712448599993,0],[113.653084123,-6.90707198199993,0],[113.653126494,-6.90697321099998,0],[113.653157622,-6.90687267999994,0],[113.65321116,-6.90677155299994,0],[113.653312287,-6.90663473499995,0],[113.65341044,-6.90653063299993,0],[113.653732951,-6.90632386399994,0],[113.65395368,-6.90625964399993,0],[113.65434309,-6.90612344799996,0],[113.654491807,-6.90599257699995,0],[113.654598883,-6.90582006699998,0],[113.654598883,-6.90568919599997,0],[113.654598883,-6.90566540099996,0],[113.654569137,-6.90557617199994,0],[113.654319295,-6.90520140599995,0],[113.654271706,-6.90502294699996,0],[113.654230759,-6.90475139099993,0],[113.654249794,-6.90458482899993,0],[113.654302143,-6.90430881199995,0],[113.654446334,-6.90386849599997,0],[113.65447396,-6.90372614099994,0],[113.654628625,-6.90345845099995,0],[113.654771392,-6.90333352999994,0],[113.655003389,-6.90326214599997,0],[113.655633946,-6.90317291699995,0],[113.655859996,-6.90304204599994,0],[113.656353734,-6.90267084999994,0],[113.656696376,-6.90232820799997,0],[113.656923179,-6.90165570999994,0],[113.656943695,-6.90129580799993,0],[113.65703189,-6.90095800199992,0],[113.657163745,-6.90037260699995,0],[113.65727346,-6.89985478199998,0],[113.657493759,-6.89897655399994,0],[113.657626367,-6.89852607699993,0],[113.657691535,-6.89809845999997,0],[113.657690441,-6.89790239999996,0],[113.657531567,-6.89723140299998,0],[113.6573888,-6.89675312999998,0],[113.657138956,-6.89615350699995,0],[113.656881973,-6.89569664899994,0],[113.656824866,-6.89533259199993,0],[113.656839144,-6.89513985599996,0],[113.656931942,-6.89491142699995,0],[113.657176601,-6.89438551199993,0],[113.657203196,-6.89426278399998,0],[113.657231755,-6.89378356399993,0],[113.657188926,-6.89298406499995,0],[113.657138956,-6.89215601099994,0],[113.657067572,-6.89126371499998,0],[113.656967635,-6.89052132199993,0],[113.656760623,-6.88985031399994,0],[113.656546471,-6.88912219899993,0],[113.656403703,-6.88824417799998,0],[113.656389426,-6.88765169199996,0],[113.656246528,-6.88715966099994,0],[113.656523657,-6.88716631699998,0],[113.656646969,-6.88716927799993,0],[113.656660088,-6.88701430599997,0],[113.656672884,-6.88691561499996,0],[113.656891093,-6.88645248699993,0],[113.657009423,-6.88623326699997,0],[113.657061965,-6.88613429299994,0],[113.657144486,-6.88610389899998,0],[113.657276742,-6.88610670399993,0],[113.657402921,-6.88613750699994,0],[113.65756341,-6.88615333099995,0],[113.657695448,-6.88614919099996,0],[113.657764287,-6.88612617699994,0],[113.657874387,-6.88608796599993,0],[113.658000129,-6.88610487899996,0],[113.658062455,-6.88609597199996,0],[113.658235534,-6.88606968999994,0],[113.658407742,-6.88601562699995,0],[113.658558446,-6.88594138299993,0],[113.658747577,-6.88576165699993,0],[113.658855059,-6.88564010499994,0],[113.658992955,-6.88560102299994,0],[113.659200126,-6.88555281599997,0],[113.659373858,-6.88554736799995,0],[113.659603839,-6.88556101299997,0],[113.659834692,-6.88560243699993,0],[113.659980408,-6.88559091599996,0],[113.660138715,-6.88553728899996,0],[113.66031678,-6.88544828399995,0],[113.660487895,-6.88535949699997,0],[113.660588645,-6.88524510899992,0],[113.66064184,-6.88516697099993,0],[113.660723487,-6.88510879699993,0],[113.660827289,-6.88509163799995,0],[113.660988866,-6.88514218599994,0],[113.661171727,-6.88520596999996,0],[113.661318097,-6.88521528299998,0],[113.661478583,-6.88523110599994,0],[113.661631902,-6.88524020199998,0],[113.661743089,-6.88523671499996,0],[113.661895972,-6.88523191999997,0],[113.662117692,-6.88520411199994,0],[113.662317692,-6.88514917799995,0],[113.66255222,-6.88508620899995,0],[113.662793261,-6.88500913299993,0],[113.662924423,-6.88497721299996,0],[113.663111832,-6.88496438399994,0],[113.663210429,-6.88500300199996,0],[113.663398711,-6.88501795199994,0],[113.663551592,-6.88501315699995,0],[113.663704473,-6.88500836299994,0],[113.663856482,-6.88497578799996,0],[113.664056044,-6.88490696399998,0],[113.664221079,-6.88484617499995,0],[113.664435847,-6.88481858399996,0],[113.664581343,-6.88480011799993,0],[113.664691656,-6.88476885099993,0],[113.664850395,-6.88472911399998,0],[113.665017174,-6.88472388299994,0],[113.665136399,-6.88475490199994,0],[113.665282766,-6.88476421499996,0],[113.665407413,-6.88474640199996,0],[113.665592858,-6.88467106899998,0],[113.665715324,-6.88458380799995,0],[113.665823892,-6.88449698299996,0],[113.665891856,-6.88444618999995,0],[113.666035824,-6.88437910999994,0],[113.666343733,-6.88421651699997,0],[113.666555664,-6.88409864399995,0],[113.666796482,-6.88401462299993,0],[113.66699495,-6.88391107599995,0],[113.667130877,-6.88380948999998,0],[113.667260073,-6.88371506799996,0],[113.667902072,-6.88359726999994,0],[113.668123362,-6.88358299299995,0],[113.668294684,-6.88355443999995,0],[113.66844459,-6.88348305599993,0],[113.668608772,-6.88348305599993,0],[113.668979968,-6.88351874799997,0],[113.669365441,-6.88356157799996,0],[113.669729499,-6.88356871599996,0],[113.670072141,-6.88350447099998,0],[113.670528997,-6.88347591699994,0],[113.671107206,-6.88344736399995,0],[113.671956674,-6.88345450199995,0],[113.672456361,-6.88348305599993,0],[113.672777588,-6.88349733199993,0],[113.673362935,-6.88337597999993,0],[113.673805515,-6.88317610499996,0],[113.674190988,-6.88304761399996,0],[113.674762059,-6.88296909199994,0],[113.675204638,-6.88290484699996,0],[113.675618665,-6.88299050699993,0],[113.676032691,-6.88306902899996,0],[113.67687502,-6.88311185999993,0],[113.67780301,-6.88292626199996,0],[113.678395495,-6.88269783399994,0],[113.678738138,-6.88271924899993,0],[113.679237825,-6.88274066399993,0],[113.679594744,-6.88269069499995,0],[113.680090794,-6.88249867599995,0],[113.680566006,-6.88237998999995,0],[113.680780975,-6.88235933999994,0],[113.680920383,-6.88236886699997,0],[113.681017226,-6.88235192499997,0],[113.681113196,-6.88230720499996,0],[113.681251731,-6.88228895499998,0],[113.681460187,-6.88228241099995,0],[113.681654746,-6.88227630399996,0],[113.681841483,-6.88224263799998,0],[113.682042991,-6.88223631199997,0],[113.682195858,-6.88223151299997,0],[113.682383468,-6.88222562399994,0],[113.682486604,-6.88218763099997,0],[113.68263838,-6.88214811099994,0],[113.682721544,-6.88213854899993,0],[113.682791902,-6.88216414499993,0],[113.682856402,-6.88222467999998,0],[113.682919697,-6.88225998099995,0]]]]}},{"type":"Feature","properties":{"fid":33350,"ori_name":"Pasongsongan","kode_kec":"35.29.13","kode_kd":"35.29.13.2008","kode_kk":"35.29","kode_prov":"35","tipe_kd":1,"kecamatan":"Pasongsongan","kel_desa":"Pasongsongan","kab_kota":"Sumenep","provinsi":"Jawa Timur","jenis_kd":"Desa","nama":"Desa Pasongsongan","label":"Desa Pasongsongan, Kecamatan Pasongsongan, Kabupaten Sumenep, Provinsi Jawa Timur, 35.29.13.2008"},"geometry":{"type":"MultiPolygon","coordinates":[[[[113.656246528,-6.88715966099994,0],[113.656389426,-6.88765169199996,0],[113.656403703,-6.88824417799998,0],[113.656546471,-6.88912219899993,0],[113.656760623,-6.88985031399994,0],[113.656967635,-6.89052132199993,0],[113.657067572,-6.89126371499998,0],[113.657138956,-6.89215601099994,0],[113.657188926,-6.89298406499995,0],[113.657231755,-6.89378356399993,0],[113.657203196,-6.89426278399998,0],[113.657176601,-6.89438551199993,0],[113.656931942,-6.89491142699995,0],[113.656839144,-6.89513985599996,0],[113.656824866,-6.89533259199993,0],[113.656881973,-6.89569664899994,0],[113.657138956,-6.89615350699995,0],[113.6573888,-6.89675312999998,0],[113.657531567,-6.89723140299998,0],[113.657690441,-6.89790239999996,0],[113.657691535,-6.89809845999997,0],[113.657626367,-6.89852607699993,0],[113.657493759,-6.89897655399994,0],[113.65727346,-6.89985478199998,0],[113.657163745,-6.90037260699995,0],[113.65703189,-6.90095800199992,0],[113.656943695,-6.90129580799993,0],[113.656923179,-6.90165570999994,0],[113.656696376,-6.90232820799997,0],[113.656353734,-6.90267084999994,0],[113.655859996,-6.90304204599994,0],[113.655633946,-6.90317291699995,0],[113.655003389,-6.90326214599997,0],[113.654771392,-6.90333352999994,0],[113.654628625,-6.90345845099995,0],[113.65447396,-6.90372614099994,0],[113.654446334,-6.90386849599997,0],[113.654302143,-6.90430881199995,0],[113.654249794,-6.90458482899993,0],[113.654230759,-6.90475139099993,0],[113.654271706,-6.90502294699996,0],[113.654319295,-6.90520140599995,0],[113.654569137,-6.90557617199994,0],[113.654598883,-6.90566540099996,0],[113.654598883,-6.90568919599997,0],[113.654598883,-6.90582006699998,0],[113.654491807,-6.90599257699995,0],[113.65434309,-6.90612344799996,0],[113.65395368,-6.90625964399993,0],[113.653732951,-6.90632386399994,0],[113.65341044,-6.90653063299993,0],[113.653312287,-6.90663473499995,0],[113.65321116,-6.90677155299994,0],[113.653157622,-6.90687267999994,0],[113.653126494,-6.90697321099998,0],[113.653084123,-6.90707198199993,0],[113.653082805,-6.90712448599993,0],[113.653143455,-6.90723988099995,0],[113.653261342,-6.90729792099995,0],[113.653694686,-6.90749758599998,0],[113.65386125,-6.90767009699994,0],[113.65403376,-6.90787829999994,0],[113.654235583,-6.90834938599994,0],[113.654214948,-6.90868681699993,0],[113.65417402,-6.90888283699996,0],[113.653998068,-6.90915131199995,0],[113.653950479,-6.90925243899994,0],[113.653920735,-6.90937735999995,0],[113.653938581,-6.90946658999997,0],[113.654069451,-6.90982945799993,0],[113.654117041,-6.90999601999994,0],[113.654107155,-6.91008016899997,0],[113.654029001,-6.91033747399996,0],[113.653981412,-6.91062300799996,0],[113.653976653,-6.91073246399998,0],[113.653995687,-6.91096089299998,0],[113.654128938,-6.91121787399993,0],[113.65416225,-6.91153196199997,0],[113.654152732,-6.91192695299998,0],[113.654057555,-6.91242188099994,0],[113.65403376,-6.91260271999994,0],[113.654029001,-6.91278831899996,0],[113.654062313,-6.91291204999993,0],[113.65420984,-6.91310716599997,0],[113.654371643,-6.91317854899995,0],[113.654896841,-6.91320791599998,0],[113.655028499,-6.91322469799996,0],[113.655209788,-6.91342606699993,0],[113.655392085,-6.91380733099993,0],[113.655417121,-6.91425693899993,0],[113.655328422,-6.91450478899998,0],[113.655126365,-6.91461835799993,0],[113.654833359,-6.91457501799994,0],[113.654562491,-6.91446408699994,0],[113.654359681,-6.91444273699994,0],[113.654202674,-6.91455604399994,0],[113.654001493,-6.91482701299998,0],[113.65382234,-6.91500791199996,0],[113.653484917,-6.91507725199995,0],[113.652854357,-6.91508076699995,0],[113.65247126,-6.91503793799995,0],[113.652020984,-6.91506292899993,0],[113.65139017,-6.91502146999994,0],[113.651051871,-6.91493340499994,0],[113.650577815,-6.91473366299994,0],[113.650262031,-6.91464547299995,0],[113.650081996,-6.91466895799994,0],[113.649857924,-6.91487259599995,0],[113.649781787,-6.91506576099994,0],[113.649769097,-6.91509795799993,0],[113.649770351,-6.91532282399993,0],[113.649861812,-6.91556968199995,0],[113.650230812,-6.91593404299994,0],[113.650269431,-6.91597217599997,0],[113.65040543,-6.91612883499994,0],[113.650384167,-6.91635382699997,0],[113.65027282,-6.91652890699993,0],[113.650183239,-6.91666976199997,0],[113.650079692,-6.91681444399995,0],[113.649936644,-6.91701431699994,0],[113.649836027,-6.91715490699994,0],[113.649823398,-6.91717254999998,0],[113.649773706,-6.91726178199997,0],[113.649749595,-6.91730507799997,0],[113.649691562,-6.91746403699995,0],[113.649660289,-6.91754969599998,0],[113.649658027,-6.91755589499996,0],[113.649644706,-6.91759041799997,0],[113.64957919,-6.91776021099997,0],[113.649574123,-6.91777334299996,0],[113.649535967,-6.91787346999996,0],[113.649532635,-6.91790263399997,0],[113.64952071,-6.91800699099997,0],[113.649521258,-6.91801018199993,0],[113.649503787,-6.91798748999997,0],[113.649476007,-6.91795383099998,0],[113.649447101,-6.91792113199995,0],[113.649417102,-6.91788943199998,0],[113.649386045,-6.91785876499995,0],[113.649353966,-6.91782916899996,0],[113.649320902,-6.91780067499997,0],[113.64928689,-6.91777331899993,0],[113.64925197,-6.91774712999995,0],[113.649216181,-6.91772213799993,0],[113.649179566,-6.91769837399994,0],[113.649029533,-6.91760821499997,0],[113.649003847,-6.91759398799996,0],[113.64887641,-6.91752340299996,0],[113.648720387,-6.91744404599996,0],[113.648561659,-6.91737023999997,0],[113.648396003,-6.91730011699997,0],[113.648228036,-6.91723572099994,0],[113.648057954,-6.91717712699995,0],[113.64788596,-6.91712440499998,0],[113.647524371,-6.91702689199997,0],[113.647159695,-6.91694162599993,0],[113.646946794,-6.91689849099993,0],[113.646732848,-6.91686087299996,0],[113.646518,-6.91682879599995,0],[113.646466815,-6.91682268199997,0],[113.646415456,-6.91681825199993,0],[113.64636398,-6.91681550899995,0],[113.646312441,-6.91681445599994,0],[113.646260895,-6.91681509599994,0],[113.646209399,-6.91681742599997,0],[113.646158006,-6.91682144499993,0],[113.646106773,-6.91682714799992,0],[113.646055756,-6.91683452899997,0],[113.646005008,-6.91684357999998,0],[113.645954585,-6.91685429099994,0],[113.645904541,-6.91686665099996,0],[113.645854931,-6.91688064699997,0],[113.645805807,-6.91689626199997,0],[113.645757222,-6.91691348199993,0],[113.645732946,-6.91692206499994,0],[113.645708388,-6.91692981099993,0],[113.64568358,-6.91693671099995,0],[113.645658549,-6.91694275499998,0],[113.645633325,-6.91694793699997,0],[113.645607938,-6.91695224999995,0],[113.645582418,-6.91695569099994,0],[113.645556794,-6.91695825399995,0],[113.645531098,-6.91695993699994,0],[113.645505359,-6.91696073699995,0],[113.645479608,-6.91696065399998,0],[113.645453874,-6.91695968799996,0],[113.64542819,-6.91695783899996,0],[113.645402583,-6.91695511099994,0],[113.645377086,-6.91695150599998,0],[113.645351727,-6.91694702899997,0],[113.645326537,-6.91694168399994,0],[113.645301546,-6.91693547899996,0],[113.645276782,-6.91692841999998,0],[113.645252276,-6.91692051499996,0],[113.645228055,-6.91691177499996,0],[113.645182819,-6.91689367699996,0],[113.645138229,-6.91687404399994,0],[113.645094338,-6.91685289699996,0],[113.645051196,-6.91683026099997,0],[113.645008855,-6.91680616399998,0],[113.644967363,-6.91678063399996,0],[113.64492677,-6.91675369899997,0],[113.644887122,-6.91672539299998,0],[113.644782206,-6.91665038699995,0],[113.644674873,-6.91657887699995,0],[113.64456524,-6.91651093999997,0],[113.644453427,-6.91644664999995,0],[113.64441392,-6.91642563499994,0],[113.644369847,-6.91640219099997,0],[113.644339554,-6.91638607699997,0],[113.644101049,-6.91626813499994,0],[113.64385952,-6.91615650599994,0],[113.643799304,-6.91613057499995,0],[113.643615136,-6.91605126599995,0],[113.643533439,-6.91601871699993,0],[113.643450841,-6.91598852399994,0],[113.643400513,-6.91597174699996,0],[113.643367409,-6.91596071099997,0],[113.643283214,-6.91593530299997,0],[113.643198323,-6.91591231999996,0],[113.643166461,-6.91590474599997,0],[113.643134364,-6.91589823799995,0],[113.643102067,-6.91589280399995,0],[113.643069607,-6.91588845099994,0],[113.64303702,-6.91588518199995,0],[113.643004342,-6.91588300199993,0],[113.642971609,-6.91588191199997,0],[113.642938857,-6.91588191499994,0],[113.642906125,-6.91588300899997,0],[113.642873446,-6.91588519499993,0],[113.64284086,-6.91588846899998,0],[113.6428084,-6.91589282799993,0],[113.642776104,-6.91589826599994,0],[113.642744008,-6.91590477899996,0],[113.642712147,-6.91591235799996,0],[113.642604131,-6.91594191699994,0],[113.642497176,-6.91597510799994,0],[113.642391405,-6.91601189199997,0],[113.642286938,-6.91605222799996,0],[113.642183895,-6.91609606899993,0],[113.642082394,-6.91614336599997,0],[113.641982551,-6.91619406499996,0],[113.64188448,-6.91624810599995,0],[113.641839123,-6.91627515899995,0],[113.641794727,-6.91630375999995,0],[113.641751346,-6.91633387599995,0],[113.641709031,-6.91636546999996,0],[113.641667833,-6.91639850499996,0],[113.6416278,-6.91643294099993,0],[113.64158898,-6.91646873799994,0],[113.64155142,-6.91650585199994,0],[113.641515164,-6.91654423999995,0],[113.641505198,-6.91655554999994,0],[113.641480256,-6.91658385499994,0],[113.641446737,-6.91662465099995,0],[113.641414648,-6.91666657899998,0],[113.641384025,-6.91670958899994,0],[113.641371754,-6.91672683699994,0],[113.641358905,-6.91674365999995,0],[113.641345494,-6.91676003899994,0],[113.641331535,-6.91677595499993,0],[113.641317046,-6.91679138999996,0],[113.641302042,-6.91680632599997,0],[113.641286541,-6.91682074599993,0],[113.641270561,-6.91683463399994,0],[113.641254119,-6.91684797299996,0],[113.641237235,-6.91686074799998,0],[113.641219928,-6.91687294499997,0],[113.641202218,-6.91688454899997,0],[113.641184125,-6.91689554799996,0],[113.64116567,-6.91690592899994,0],[113.641146874,-6.91691567999993,0],[113.641127758,-6.91692478899995,0],[113.641108345,-6.91693324699997,0],[113.641088656,-6.91694104299995,0],[113.641068715,-6.91694816799998,0],[113.641048544,-6.91695461599994,0],[113.641028166,-6.91696037699995,0],[113.640724513,-6.91703617899998,0],[113.640418856,-6.91710346199994,0],[113.640029281,-6.91717905799993,0],[113.63963813,-6.91724604499996,0],[113.63925122,-6.91730758699993,0],[113.638780312,-6.91738248999997,0],[113.638323575,-6.91745548599994,0],[113.637591538,-6.91757726899993,0],[113.637092162,-6.91766017099997,0],[113.636907951,-6.91769075199994,0],[113.636886565,-6.91769387099993,0],[113.636865098,-6.91769636599997,0],[113.636843567,-6.91769823499993,0],[113.636528569,-6.91771812299993,0],[113.636503225,-6.91771906099996,0],[113.636477864,-6.91771913099996,0],[113.636452515,-6.91771833299993,0],[113.636427208,-6.91771666899996,0],[113.636401973,-6.91771413899994,0],[113.63637684,-6.91771074799993,0],[113.636351837,-6.91770649899996,0],[113.636326995,-6.91770139699997,0],[113.636302342,-6.91769544799996,0],[113.636277907,-6.91768865899996,0],[113.636253719,-6.91768103899994,0],[113.636229807,-6.91767259499994,0],[113.636210503,-6.91766505799995,0],[113.636172292,-6.91765013899993,0],[113.63611551,-6.91762589199993,0],[113.636059517,-6.91759987699993,0],[113.636004367,-6.91757211999993,0],[113.635950116,-6.91754264899993,0],[113.635896817,-6.91751149099997,0],[113.635844521,-6.91747867899994,0],[113.635793281,-6.91744424399997,0],[113.635780225,-6.91743482799995,0],[113.635767504,-6.91742496299997,0],[113.635755136,-6.91741466099995,0],[113.635743134,-6.91740393499992,0],[113.635736915,-6.91739797499997,0],[113.635731513,-6.91739279699993,0],[113.635720288,-6.91738126099995,0],[113.635709472,-6.91736934199997,0],[113.635699077,-6.91735705299993,0],[113.635689118,-6.91734440999994,0],[113.635679605,-6.91733142699997,0],[113.635670551,-6.91731812199993,0],[113.635663907,-6.91730758599994,0],[113.635661966,-6.91730450899996,0],[113.635653861,-6.91729060599994,0],[113.635646246,-6.91727642899997,0],[113.63563913,-6.91726199499993,0],[113.635632521,-6.91724732199998,0],[113.635626428,-6.91723242799998,0],[113.635620857,-6.91721733099996,0],[113.635615817,-6.91720204899997,0],[113.635615639,-6.91720143799995,0],[113.635614048,-6.91719598299994,0],[113.635611312,-6.91718660099997,0],[113.635607349,-6.91717100599993,0],[113.635603931,-6.91715528199995,0],[113.635601064,-6.91713944899993,0],[113.635598751,-6.91712352499997,0],[113.635596995,-6.91710753099994,0],[113.635595797,-6.91709148499996,0],[113.635595159,-6.91707540699997,0],[113.635595082,-6.91705931599995,0],[113.635595566,-6.91704323299996,0],[113.635596611,-6.91702717599998,0],[113.635598215,-6.91701116599995,0],[113.635600376,-6.91699522099998,0],[113.635603092,-6.91697936099996,0],[113.635606359,-6.91696360499998,0],[113.635610173,-6.91694797299994,0],[113.63561453,-6.91693248199994,0],[113.635619425,-6.91691715299993,0],[113.635624851,-6.91690200399995,0],[113.635630801,-6.91688705299993,0],[113.63563727,-6.91687231799995,0],[113.635644248,-6.91685781699994,0],[113.635651728,-6.91684356799993,0],[113.6356597,-6.91682958799993,0],[113.635668154,-6.91681589399997,0],[113.635677081,-6.91680250199994,0],[113.635686469,-6.91678942999994,0],[113.635696307,-6.91677669199993,0],[113.635706584,-6.91676430499996,0],[113.635717286,-6.91675228299994,0],[113.635728401,-6.91674064099993,0],[113.635739914,-6.91672939299997,0],[113.635751813,-6.91671855299995,0],[113.635764083,-6.91670813299993,0],[113.635776709,-6.91669814699998,0],[113.635789675,-6.91668860699997,0],[113.635802966,-6.91667952399996,0],[113.635816565,-6.91667090899995,0],[113.635830456,-6.91666277299993,0],[113.635844623,-6.91665512599997,0],[113.635859048,-6.91664797599998,0],[113.635873713,-6.91664133299997,0],[113.635888601,-6.91663520499998,0],[113.635903694,-6.91662959799993,0],[113.635918973,-6.91662452099996,0],[113.635934419,-6.91661997899996,0],[113.635950015,-6.91661597699994,0],[113.635976329,-6.91660923299997,0],[113.636002398,-6.91660159199995,0],[113.636028188,-6.91659306299994,0],[113.636053672,-6.91658365599994,0],[113.636078818,-6.91657338299996,0],[113.636103597,-6.91656225499997,0],[113.63612798,-6.91655028499997,0],[113.636151938,-6.91653748699997,0],[113.636175444,-6.91652387699997,0],[113.636198469,-6.91650946999994,0],[113.636220987,-6.91649428399995,0],[113.636242972,-6.91647833599995,0],[113.636264396,-6.91646164399998,0],[113.636285236,-6.91644422899998,0],[113.636305467,-6.91642610999997,0],[113.636325065,-6.91640730999995,0],[113.636344007,-6.91638784999998,0],[113.636362271,-6.91636775299997,0],[113.636379835,-6.91634704299997,0],[113.636396679,-6.91632574299996,0],[113.636412782,-6.91630387999993,0],[113.636428127,-6.91628147799997,0],[113.636442696,-6.91625856299993,0],[113.63645647,-6.91623516399994,0],[113.636469434,-6.91621130699997,0],[113.636481572,-6.91618701999994,0],[113.636492871,-6.91616233199994,0],[113.636503317,-6.91613727099997,0],[113.636512898,-6.91611186799997,0],[113.636521602,-6.91608615099994,0],[113.63652942,-6.91606015199994,0],[113.636536342,-6.91603389999995,0],[113.63654236,-6.91600742699995,0],[113.636547467,-6.91598076399993,0],[113.636551658,-6.91595394099994,0],[113.636554926,-6.91592698999995,0],[113.636557268,-6.91589994399993,0],[113.636558683,-6.91587283299998,0],[113.636559166,-6.91584568899998,0],[113.63655872,-6.91581854499998,0],[113.636557343,-6.91579143199993,0],[113.636555037,-6.91576438299995,0],[113.636551806,-6.91573742799994,0],[113.636547652,-6.91571059899996,0],[113.636542582,-6.91568392899995,0],[113.636528017,-6.91561923299997,0],[113.636511334,-6.91555504999997,0],[113.636492553,-6.91549144899994,0],[113.636471693,-6.91542849899997,0],[113.636448777,-6.91536626599998,0],[113.636423829,-6.91530481899997,0],[113.636396877,-6.91524422199996,0],[113.636367948,-6.91518454299995,0],[113.636337075,-6.91512584399993,0],[113.636304291,-6.91506818999994,0],[113.636289791,-6.91504267399995,0],[113.636276151,-6.91501668799998,0],[113.636263386,-6.91499026299994,0],[113.63625151,-6.91496342599993,0],[113.636240536,-6.91493620899996,0],[113.636230478,-6.91490863999996,0],[113.636221345,-6.91488075199993,0],[113.636213148,-6.91485257499994,0],[113.636205897,-6.91482413999995,0],[113.636199599,-6.91479547999995,0],[113.636197136,-6.91478216599995,0],[113.636194261,-6.91476662499997,0],[113.636189889,-6.91473760799994,0],[113.636186488,-6.91470846199996,0],[113.636184063,-6.91467921899994,0],[113.636182615,-6.91464991099997,0],[113.636179151,-6.91442040899994,0],[113.636183759,-6.91419092699994,0],[113.636196433,-6.91396174799996,0],[113.636209734,-6.91381065199994,0],[113.636227552,-6.91366002099994,0],[113.636249872,-6.91350998999997,0],[113.636276673,-6.91336069399995,0],[113.636302664,-6.91323821099996,0],[113.63633268,-6.91311664999995,0],[113.63636669,-6.91299614499997,0],[113.636404657,-6.91287682499996,0],[113.636446539,-6.91275882099995,0],[113.636492291,-6.91264226099997,0],[113.636541863,-6.91252727099993,0],[113.636558263,-6.91248916499995,0],[113.63657335,-6.91245051999994,0],[113.636587107,-6.91241138299995,0],[113.636599516,-6.91237179799998,0],[113.636610564,-6.91233181299998,0],[113.636620238,-6.91229147399997,0],[113.636628527,-6.91225082799997,0],[113.63663542,-6.91220992299998,0],[113.63664091,-6.91216880599995,0],[113.63664499,-6.91212752499996,0],[113.636647656,-6.91208612899993,0],[113.636648904,-6.91204466699998,0],[113.636655667,-6.91150125999997,0],[113.636655939,-6.91147938099994,0],[113.636665553,-6.91069535199995,0],[113.63666636,-6.91062953099993,0],[113.636673432,-6.91007873899997,0],[113.636675692,-6.90990267799998,0],[113.636684027,-6.90925229799996,0],[113.63668372,-6.90919029899993,0],[113.636681241,-6.90912834799997,0],[113.636676594,-6.90906652199993,0],[113.636669782,-6.90900489599994,0],[113.636660816,-6.90894354699998,0],[113.636649706,-6.90888254899994,0],[113.636636466,-6.90882197699995,0],[113.636621111,-6.90876190499995,0],[113.636603661,-6.90870240799995,0],[113.636571092,-6.90859216399997,0],[113.636541969,-6.90848096299993,0],[113.636516318,-6.90836890999998,0],[113.636494166,-6.90825611499997,0],[113.636475533,-6.90814268599996,0],[113.636460437,-6.90802873299998,0],[113.636448894,-6.90791436599994,0],[113.636442925,-6.90782809199993,0],[113.636439712,-6.90774167099994,0],[113.636439258,-6.90765519199994,0],[113.636441565,-6.90756874299996,0],[113.636446629,-6.90748240999994,0],[113.636454446,-6.90739628399996,0],[113.636465007,-6.90731044999995,0],[113.636478302,-6.90722499599997,0],[113.636494317,-6.90714000999998,0],[113.636511642,-6.90706238899998,0],[113.636531653,-6.90698541699993,0],[113.636554326,-6.90690918399997,0],[113.636579635,-6.90683378499995,0],[113.636607547,-6.90675930899994,0],[113.636638031,-6.90668584699995,0],[113.636671049,-6.90661348699996,0],[113.636706561,-6.90654231599996,0],[113.636744525,-6.90647242099993,0],[113.63676404,-6.90643927099995,0],[113.63678468,-6.90640680999996,0],[113.636806421,-6.90637507399993,0],[113.636829236,-6.90634410099995,0],[113.636853101,-6.90631392699993,0],[113.636877985,-6.90628458799995,0],[113.636903861,-6.90625611799993,0],[113.636930698,-6.90622855099997,0],[113.636958464,-6.90620191799997,0],[113.636987126,-6.90617625199997,0],[113.637016652,-6.90615158199995,0],[113.637047005,-6.90612793799994,0],[113.637078152,-6.90610534599995,0],[113.637110055,-6.90608383499995,0],[113.637142676,-6.90606342699994,0],[113.637179931,-6.90604011999994,0],[113.637216363,-6.90601554699998,0],[113.637251929,-6.90598973899995,0],[113.637286587,-6.90596272599993,0],[113.637320296,-6.90593453899993,0],[113.637353017,-6.90590521199994,0],[113.637384711,-6.90587477899993,0],[113.63741534,-6.90584327699997,0],[113.637444869,-6.90581074199997,0],[113.637473263,-6.90577721299996,0],[113.637500487,-6.90574272899994,0],[113.637526511,-6.90570733199996,0],[113.637551302,-6.90567106199995,0],[113.637574833,-6.90563396299996,0],[113.637646608,-6.90551177899994,0],[113.637714203,-6.90538723699996,0],[113.637777542,-6.90526048099997,0],[113.637836552,-6.90513165399994,0],[113.637891164,-6.90500090599994,0],[113.637941836,-6.90486708199995,0],[113.637987992,-6.90473163699994,0],[113.63802958,-6.90459472199996,0],[113.638066553,-6.90445649099996,0],[113.638098869,-6.90431709899997,0],[113.638110013,-6.90426021099995,0],[113.638119148,-6.90420296599996,0],[113.638126262,-6.90414543599996,0],[113.638131347,-6.90408769099997,0],[113.638134396,-6.90402980299996,0],[113.638135406,-6.90397184299997,0],[113.638134375,-6.90391388499995,0],[113.638131305,-6.90385599799993,0],[113.638126198,-6.90379825499997,0],[113.638119063,-6.90374072699996,0],[113.638112848,-6.90369093399994,0],[113.638108311,-6.90364095999996,0],[113.638105458,-6.90359086199993,0],[113.638104292,-6.90354069699993,0],[113.638104814,-6.90349051999993,0],[113.638107025,-6.90344038999996,0],[113.63811092,-6.90339036199993,0],[113.638116497,-6.90334049399996,0],[113.638123748,-6.90329084099994,0],[113.638132665,-6.90324145899996,0],[113.638143239,-6.90319240499997,0],[113.638151574,-6.90315920499995,0],[113.638161024,-6.90312630399995,0],[113.638171578,-6.90309373999997,0],[113.638183223,-6.90306154999996,0],[113.638195947,-6.90302976999993,0],[113.638209735,-6.90299843599996,0],[113.638224571,-6.90296758399995,0],[113.638240439,-6.90293724999998,0],[113.63825732,-6.90290746599993,0],[113.638275196,-6.90287826799994,0],[113.638294045,-6.90284968799995,0],[113.638313848,-6.90282175899995,0],[113.638334581,-6.90279451299995,0],[113.63835622,-6.90276797999996,0],[113.638378742,-6.90274218999997,0],[113.63840212,-6.90271717299993,0],[113.638426328,-6.90269295799993,0],[113.638451338,-6.90266957099993,0],[113.638477123,-6.90264703999998,0],[113.638489069,-6.90263660199997,0],[113.638509189,-6.90261902199995,0],[113.638540294,-6.90258994299995,0],[113.638570404,-6.90255983699996,0],[113.638599485,-6.90252873599997,0],[113.638627503,-6.90249667599994,0],[113.638654428,-6.90246369399995,0],[113.638680228,-6.90242982599995,0],[113.638704875,-6.90239510999993,0],[113.638728341,-6.90235958699998,0],[113.6387506,-6.90232329599996,0],[113.638771625,-6.90228627799996,0],[113.638791394,-6.90224857399994,0],[113.638809883,-6.90221022799994,0],[113.638827074,-6.90217128299997,0],[113.638842944,-6.90213178299996,0],[113.638857478,-6.90209177099996,0],[113.638870658,-6.90205129499998,0],[113.63888249,-6.90201023899994,0],[113.638892888,-6.90196879599995,0],[113.638901837,-6.90192701799998,0],[113.638909329,-6.90188495399997,0],[113.638915353,-6.90184265499994,0],[113.638919903,-6.90180017199998,0],[113.638922972,-6.90175755799993,0],[113.638924557,-6.90171486199995,0],[113.638924657,-6.90167213699993,0],[113.638923271,-6.90162943399997,0],[113.638920401,-6.90158680599995,0],[113.63891605,-6.90154430199993,0],[113.638910224,-6.90150197599996,0],[113.638903617,-6.90146384499997,0],[113.638902929,-6.90145987699998,0],[113.638894174,-6.90141805799993,0],[113.638883971,-6.90137656699994,0],[113.638877968,-6.90135214699995,0],[113.638872822,-6.90132753199993,0],[113.63886854,-6.90130275299992,0],[113.638865128,-6.90127783899993,0],[113.638862589,-6.90125282199995,0],[113.638860926,-6.90122773099995,0],[113.638860141,-6.90120259699995,0],[113.638860236,-6.90117745099997,0],[113.63886121,-6.90115232399995,0],[113.638863062,-6.90112724599993,0],[113.638865789,-6.90110224799997,0],[113.63886939,-6.90107735999993,0],[113.638873858,-6.90105261399998,0],[113.638879189,-6.90102803899993,0],[113.638885375,-6.90100366499996,0],[113.638892411,-6.90097952099995,0],[113.638900286,-6.90095563899996,0],[113.638908991,-6.90093204499993,0],[113.638918517,-6.90090877099993,0],[113.63892885,-6.90088584299997,0],[113.638939979,-6.90086328999996,0],[113.639012388,-6.90072775399994,0],[113.639088777,-6.90059441799997,0],[113.639169079,-6.90046339899993,0],[113.63919281,-6.90042713399993,0],[113.639253224,-6.90033481099994,0],[113.639345115,-6.90020287999994,0],[113.639440702,-6.90007359799995,0],[113.639539908,-6.89994706799996,0],[113.639642653,-6.89982339199997,0],[113.640050462,-6.89935683699997,0],[113.64057303,-6.89878223399995,0],[113.640689809,-6.89866047199996,0],[113.640810844,-6.89854293299993,0],[113.64093598,-6.89842976599994,0],[113.641065061,-6.89832111299995,0],[113.641197923,-6.89821711199994,0],[113.641254378,-6.89817304399998,0],[113.641309357,-6.89812714999994,0],[113.6413628,-6.89807947799994,0],[113.641414649,-6.89803007999996,0],[113.641464849,-6.89797900899993,0],[113.641513347,-6.89792631999995,0],[113.641560089,-6.89787206999995,0],[113.641605025,-6.89781631699998,0],[113.641626928,-6.89778717299993,0],[113.641647796,-6.89775727999995,0],[113.641667606,-6.89772667699998,0],[113.641686332,-6.89769539899993,0],[113.641703951,-6.89766348599994,0],[113.641720442,-6.89763097599996,0],[113.641735785,-6.89759790999994,0],[113.641749961,-6.89756432699994,0],[113.641762952,-6.89753026899996,0],[113.641774743,-6.89749577799995,0],[113.641785319,-6.89746089599993,0],[113.641794667,-6.89742566499996,0],[113.64184033,-6.89722540099996,0],[113.641878884,-6.89702364999994,0],[113.64191028,-6.89682066399996,0],[113.641934481,-6.89661669599997,0],[113.641951454,-6.89641200099993,0],[113.641960981,-6.89622680599996,0],[113.641965444,-6.89604141999996,0],[113.641964843,-6.89585598099995,0],[113.641959176,-6.89567062799995,0],[113.641953976,-6.89549583999997,0],[113.641953843,-6.89532097599994,0],[113.641958776,-6.89514617999993,0],[113.641968771,-6.89497160099995,0],[113.641978908,-6.89485810199994,0],[113.641992988,-6.89474502399997,0],[113.642010995,-6.89463250399996,0],[113.642032905,-6.89452067699995,0],[113.642058694,-6.89440967999997,0],[113.642088329,-6.89429964599998,0],[113.642119011,-6.89418597899993,0],[113.642145849,-6.89407134499993,0],[113.642168811,-6.89395587399997,0],[113.642187872,-6.89383969599993,0],[113.64220301,-6.89372294199995,0],[113.642214209,-6.89360574599993,0],[113.642216191,-6.89357324999997,0],[113.642217036,-6.89354070499996,0],[113.642216741,-6.89350814999995,0],[113.642215307,-6.89347562599994,0],[113.642212737,-6.89344317099994,0],[113.642209032,-6.89341082599998,0],[113.642204198,-6.89337862999997,0],[113.642198241,-6.89334662299996,0],[113.642191167,-6.89331484399997,0],[113.642182986,-6.89328333099996,0],[113.642173708,-6.89325212299997,0],[113.642163343,-6.89322125899997,0],[113.642151905,-6.89319077599993,0],[113.642139407,-6.89316070999996,0],[113.642125865,-6.89313110099994,0],[113.642111296,-6.89310198199996,0],[113.642095716,-6.89307338999993,0],[113.642079146,-6.89304535999997,0],[113.642058212,-6.89300995599996,0],[113.642038524,-6.89297384599996,0],[113.642020103,-6.89293707399997,0],[113.642002974,-6.89289968399993,0],[113.641987156,-6.89286172099997,0],[113.641972669,-6.89282323099997,0],[113.641959531,-6.89278425999993,0],[113.641947756,-6.89274485699997,0],[113.64193736,-6.89270506799994,0],[113.641928355,-6.89266494199995,0],[113.641920752,-6.89262452799994,0],[113.64191456,-6.89258387299998,0],[113.641909787,-6.89254302799998,0],[113.641906438,-6.89250204199993,0],[113.641904518,-6.89246096399995,0],[113.641904028,-6.89241984399996,0],[113.641904832,-6.89238434399994,0],[113.641906855,-6.89234889299996,0],[113.641910092,-6.89231353199995,0],[113.641914542,-6.89227830299996,0],[113.641920198,-6.89224324699995,0],[113.641927053,-6.89220840499996,0],[113.6419351,-6.89217381899994,0],[113.64194433,-6.89213952999995,0],[113.641954731,-6.89210557599995,0],[113.641966291,-6.89207199999993,0],[113.641978997,-6.89203883899995,0],[113.641992833,-6.89200613299994,0],[113.642007783,-6.89197392099993,0],[113.64202383,-6.89194223999993,0],[113.642040955,-6.89191112699996,0],[113.642059138,-6.89188061999994,0],[113.642078357,-6.89185075499995,0],[113.642098589,-6.89182156499993,0],[113.642119812,-6.89179308599995,0],[113.642141999,-6.89176535199994,0],[113.642165125,-6.89173839399996,0],[113.642189163,-6.89171224399996,0],[113.642214084,-6.89168693399995,0],[113.642239859,-6.89166249299996,0],[113.642263837,-6.89163975999998,0],[113.642287025,-6.89161622199993,0],[113.642309396,-6.89159190699996,0],[113.642330924,-6.89156684299996,0],[113.642351583,-6.89154105999995,0],[113.64237135,-6.89151458699996,0],[113.642390201,-6.89148745599994,0],[113.642408115,-6.89145969699996,0],[113.642425071,-6.89143134399995,0],[113.642441049,-6.89140242899992,0],[113.64245603,-6.89137298599996,0],[113.642469997,-6.89134304899994,0],[113.642482933,-6.89131265399993,0],[113.642494825,-6.89128183499997,0],[113.642505657,-6.89125062799997,0],[113.642515417,-6.89121906999998,0],[113.642524094,-6.89118719799995,0],[113.642531677,-6.89115504799997,0],[113.642538159,-6.89112265799997,0],[113.64254353,-6.89109006599995,0],[113.642547786,-6.89105730999995,0],[113.642550921,-6.89102442799998,0],[113.642552931,-6.89099145899996,0],[113.642553814,-6.89095843999996,0],[113.642553569,-6.89092540899998,0],[113.64254803,-6.89078954599995,0],[113.642538077,-6.89065393399994,0],[113.642523721,-6.89051871599997,0],[113.642504976,-6.89038403599994,0],[113.642481862,-6.89025003599994,0],[113.64246999,-6.89018123399995,0],[113.642460351,-6.89011208299996,0],[113.642452955,-6.89004265699998,0],[113.642447811,-6.88997302899998,0],[113.642444924,-6.88990326999993,0],[113.642444296,-6.88983345499997,0],[113.642445928,-6.88976365599996,0],[113.642474631,-6.88914276599996,0],[113.64251385,-6.88832297799996,0],[113.642522657,-6.88806244899996,0],[113.642530112,-6.88770239999997,0],[113.642532606,-6.88758202299994,0],[113.642582228,-6.88764616099996,0],[113.642684312,-6.88767944899996,0],[113.642694073,-6.88768263199995,0],[113.642910594,-6.88775323599998,0],[113.642997496,-6.88775226299992,0],[113.643575309,-6.88774579299997,0],[113.643651539,-6.88773645299995,0],[113.643824195,-6.88769628199998,0],[113.644010315,-6.88764178499997,0],[113.644189921,-6.88760139599998,0],[113.644377566,-6.88759551699997,0],[113.644579981,-6.88761698399998,0],[113.644867537,-6.88769140199997,0],[113.64501479,-6.88772850199996,0],[113.645307988,-6.88776102899993,0],[113.645510621,-6.88778944099994,0],[113.645684365,-6.88778399599994,0],[113.645892858,-6.88777746299996,0],[113.646114814,-6.88775660399995,0],[113.646294854,-6.88773010499995,0],[113.646488793,-6.88770317099994,0],[113.646612799,-6.88766452399994,0],[113.646847564,-6.88760850199998,0],[113.647027603,-6.88758200399997,0],[113.647152044,-6.88755724699996,0],[113.647269535,-6.88753270899997,0],[113.647593992,-6.88745301899996,0],[113.647849387,-6.88738939799993,0],[113.648077637,-6.88734748499996,0],[113.64827092,-6.88729971399994,0],[113.648444444,-6.88728732399994,0],[113.648652934,-6.88728078999998,0],[113.648833625,-6.88727512799994,0],[113.648966322,-6.88729182499998,0],[113.649134422,-6.88732826999995,0],[113.649238884,-6.88733194799994,0],[113.649411535,-6.88729177699997,0],[113.649549003,-6.88723880299995,0],[113.649637386,-6.88717346399994,0],[113.649740541,-6.88713546999998,0],[113.64987193,-6.88711049599993,0],[113.650191744,-6.88721071899994,0],[113.65056294,-6.88724641099998,0],[113.650877029,-6.88720358099994,0],[113.651134011,-6.88710364399998,0],[113.651375633,-6.88692432499994,0],[113.651442274,-6.88690504599998,0],[113.651662251,-6.88696087599993,0],[113.651990617,-6.88698942899993,0],[113.652290429,-6.88698229099998,0],[113.65250458,-6.88699656799997,0],[113.652782977,-6.88704653599996,0],[113.652997129,-6.88713219699997,0],[113.653382601,-6.88712505899997,0],[113.653660998,-6.88709650499993,0],[113.653882288,-6.88701798299996,0],[113.654003641,-6.88685379999993,0],[113.654061324,-6.88679003899995,0],[113.654223225,-6.88661107999997,0],[113.654189239,-6.88631842099994,0],[113.654132132,-6.88585442699997,0],[113.654232069,-6.88560458299997,0],[113.654603265,-6.88511917299996,0],[113.654688925,-6.88613282299997,0],[113.65515292,-6.88611140799998,0],[113.655385198,-6.88612429399996,0],[113.655599883,-6.88631312099994,0],[113.655600058,-6.88631327499996,0],[113.655756993,-6.88659939899998,0],[113.655887936,-6.88702882899997,0],[113.656246528,-6.88715966099994,0]]]]}},{"type":"Feature","properties":{"fid":33362,"ori_name":"Soddara","kode_kec":"35.29.13","kode_kd":"35.29.13.2007","kode_kk":"35.29","kode_prov":"35","tipe_kd":1,"kecamatan":"Pasongsongan","kel_desa":"Soddara","kab_kota":"Sumenep","provinsi":"Jawa Timur","jenis_kd":"Desa","nama":"Desa Soddara","label":"Desa Soddara, Kecamatan Pasongsongan, Kabupaten Sumenep, Provinsi Jawa Timur, 35.29.13.2007"},"geometry":{"type":"MultiPolygon","coordinates":[[[[113.694678644,-6.91243006999997,0],[113.694789498,-6.91258247899998,0],[113.694935846,-6.91274125799993,0],[113.695264287,-6.91309813599997,0],[113.695271394,-6.91310585799994,0],[113.695351456,-6.91316208399996,0],[113.695366475,-6.91327686999995,0],[113.695615715,-6.91335196599994,0],[113.695729757,-6.91339533999997,0],[113.696210327,-6.91357811899996,0],[113.696709353,-6.91382393699996,0],[113.696939455,-6.91389914099994,0],[113.697112901,-6.91410855099997,0],[113.697187587,-6.91428001099996,0],[113.697229255,-6.91437566499997,0],[113.69727418,-6.91438475299998,0],[113.697689135,-6.91446869099997,0],[113.698091163,-6.91448553899994,0],[113.698455891,-6.91467473699993,0],[113.698782884,-6.91495978199993,0],[113.699568019,-6.91503183499998,0],[113.700008217,-6.91502933799995,0],[113.700621209,-6.91512149199997,0],[113.701195597,-6.91515648499995,0],[113.701962572,-6.91540077699995,0],[113.70253783,-6.91558877599994,0],[113.702634613,-6.91577949299995,0],[113.703285448,-6.91579492099993,0],[113.703456937,-6.91566006199997,0],[113.703781756,-6.91556258199995,0],[113.704202705,-6.91554106299998,0],[113.704794925,-6.91534643199998,0],[113.705406609,-6.91520906999995,0],[113.705941738,-6.91507214099994,0],[113.706514707,-6.91485849099996,0],[113.706954467,-6.91477948199997,0],[113.707375196,-6.91471970899994,0],[113.707663042,-6.91485195699994,0],[113.707986006,-6.91442933799993,0],[113.708058787,-6.91449404799994,0],[113.708178375,-6.91460038199995,0],[113.708122485,-6.91486846899994,0],[113.708124228,-6.91517448399998,0],[113.708545393,-6.91519121499994,0],[113.709216127,-6.91534040799996,0],[113.709501684,-6.91507100899997,0],[113.709598033,-6.91518522099994,0],[113.709961998,-6.91524052599993,0],[113.710249954,-6.91539189799994,0],[113.710556286,-6.91540927999995,0],[113.710652635,-6.91552348899995,0],[113.710825648,-6.91565638899993,0],[113.711113059,-6.91571213199995,0],[113.711803478,-6.91595684199996,0],[113.71228326,-6.91618362299994,0],[113.712514237,-6.91641182299998,0],[113.712342641,-6.91652755899997,0],[113.712324922,-6.91677630499993,0],[113.712135608,-6.91714078599995,0],[113.71226914,-6.91723747699996,0],[113.712423893,-6.91734953299994,0],[113.712922487,-6.91751882699998,0],[113.713267315,-6.91757423999996,0],[113.713651406,-6.91780156499993,0],[113.713920006,-6.91791479199998,0],[113.714206762,-6.91785577599995,0],[113.714341609,-6.91800801799997,0],[113.714801599,-6.91812015099993,0],[113.71497527,-6.91836780299997,0],[113.715454289,-6.91846070099996,0],[113.715437994,-6.91895807899994,0],[113.715803056,-6.91920463699995,0],[113.716531211,-6.91935348899995,0],[113.717317549,-6.91963589199997,0],[113.717603976,-6.91951949699995,0],[113.718447731,-6.91980156999995,0],[113.719347151,-6.91977730099995,0],[113.719464066,-6.92014003399993,0],[113.71961882,-6.92042604199997,0],[113.719621011,-6.92080855499995,0],[113.719872118,-6.92120877299993,0],[113.719931727,-6.92159095699998,0],[113.720297121,-6.92189488699995,0],[113.720452754,-6.92233390099994,0],[113.720511267,-6.92252483099998,0],[113.720704191,-6.92279149299998,0],[113.720533694,-6.92309848999997,0],[113.720592756,-6.92338504599996,0],[113.7207672,-6.92376657399996,0],[113.720750254,-6.92414919599997,0],[113.720962977,-6.92453050399996,0],[113.720888504,-6.92489432999997,0],[113.721157109,-6.92500754999998,0],[113.721236955,-6.92558088199996,0],[113.721181075,-6.92584896899996,0],[113.720994085,-6.92592495799994,0],[113.720894646,-6.92596536699995,0],[113.720877262,-6.92627148799994,0],[113.720705667,-6.92638722799995,0],[113.720765498,-6.92680766399997,0],[113.720559684,-6.92763127299997,0],[113.720389405,-6.92797652299993,0],[113.720390722,-6.92820602999996,0],[113.720296781,-6.92851258999997,0],[113.720088882,-6.92897281099994,0],[113.720188089,-6.92958428499998,0],[113.720251825,-6.92981773799994,0],[113.720220284,-6.92986533499993,0],[113.720215588,-6.92987242199996,0],[113.720187268,-6.92989937799996,0],[113.720159191,-6.92992610399995,0],[113.720071784,-6.93000931099994,0],[113.719882726,-6.93012940699998,0],[113.719718611,-6.93030857299993,0],[113.719553068,-6.93057643699996,0],[113.719420756,-6.93081074999998,0],[113.719272019,-6.93109519799998,0],[113.719090629,-6.93151329499995,0],[113.718959838,-6.93201452399995,0],[113.718796686,-6.93269943099995,0],[113.718650342,-6.93340093399996,0],[113.718573943,-6.93363422999994,0],[113.718502563,-6.93385219899994,0],[113.718304653,-6.93430375999998,0],[113.718106081,-6.93463854599997,0],[113.717992094,-6.93515634899995,0],[113.717894244,-6.93557396699993,0],[113.717812807,-6.93594145099996,0],[113.717781215,-6.93625859099996,0],[113.717782746,-6.93652550599995,0],[113.717868097,-6.93684198399995,0],[113.717986965,-6.93717494899994,0],[113.718173335,-6.93762430099997,0],[113.718275111,-6.93789063399993,0],[113.718343762,-6.93820720699995,0],[113.718395224,-6.93844046599997,0],[113.718397809,-6.93889087799994,0],[113.718350752,-6.93942497899997,0],[113.718285737,-6.93974231999994,0],[113.71807017,-6.94002715799996,0],[113.71765392,-6.94027978099996,0],[113.716954396,-6.94066747699998,0],[113.716488406,-6.94098711399994,0],[113.716139264,-6.94128940099995,0],[113.716053934,-6.94143326399995,0],[113.715410982,-6.94117042299996,0],[113.71528963,-6.94112759199993,0],[113.715125447,-6.94105620899995,0],[113.715101508,-6.94103367899993,0],[113.715094344,-6.94102693599996,0],[113.714934644,-6.94092962799994,0],[113.714766594,-6.94083017699995,0],[113.714583998,-6.94069733899994,0],[113.714391723,-6.94054542899994,0],[113.714339127,-6.94041851399993,0],[113.714159386,-6.94041851399993,0],[113.714016618,-6.94044230799994,0],[113.71392144,-6.94051964099998,0],[113.713819166,-6.94054222299997,0],[113.713665648,-6.94051964099998,0],[113.713546675,-6.94047799999993,0],[113.713445548,-6.94047799999993,0],[113.713332523,-6.94047799999993,0],[113.713237345,-6.94054343499994,0],[113.713136218,-6.94071594599995,0],[113.713046988,-6.94071594599995,0],[113.712850682,-6.94059697299997,0],[113.712731709,-6.94057912699998,0],[113.712655566,-6.94059578299994,0],[113.712569906,-6.94062433599993,0],[113.712491384,-6.94070999699994,0],[113.712434277,-6.94079565899995,0],[113.712255816,-6.94085276599998,0],[113.712205847,-6.94083134999994,0],[113.712013112,-6.94075282799997,0],[113.711420626,-6.94073141199993,0],[113.710920939,-6.94073141199993,0],[113.710364146,-6.94073141199993,0],[113.709800213,-6.94075996599997,0],[113.709400464,-6.94081707299995,0],[113.708965022,-6.94084562599994,0],[113.708529581,-6.94091701099995,0],[113.70809414,-6.94095983999995,0],[113.707863332,-6.94097292799995,0],[113.70752069,-6.94089083699993,0],[113.707313677,-6.94078732999998,0],[113.707065556,-6.94068916699996,0],[113.706671222,-6.94063385399994,0],[113.706510608,-6.94057674799996,0],[113.706214366,-6.94045182599996,0],[113.705950245,-6.94040899499993,0],[113.705664709,-6.94035188799995,0],[113.705507666,-6.94034118099995,0],[113.705347052,-6.94031262699997,0],[113.705043671,-6.94034831899995,0],[113.704750996,-6.94038758099992,0],[113.704554692,-6.94040185699993,0],[113.704302469,-6.94044944699993,0],[113.703939601,-6.94052677899998,0],[113.703511298,-6.94061600799995,0],[113.703196019,-6.94062790599997,0],[113.702952125,-6.94065170099998,0],[113.702636846,-6.94069928899995,0],[113.702363208,-6.94068144399995,0],[113.702155004,-6.94061600799995,0],[113.701887316,-6.94056246999997,0],[113.701625574,-6.94051488099996,0],[113.701232964,-6.94050893299993,0],[113.700811111,-6.94049861099995,0],[113.70050128,-6.94033047399995,0],[113.700096771,-6.94032452499994,0],[113.699674417,-6.94031262699997,0],[113.699103346,-6.94025314099997,0],[113.698508481,-6.94011632299993,0],[113.697889821,-6.94001519499994,0],[113.697354442,-6.93996760499994,0],[113.697015369,-6.93995570799996,0],[113.696640604,-6.94002709299997,0],[113.696317996,-6.94018896799997,0],[113.695868424,-6.93975249999994,0],[113.695460496,-6.93930508599993,0],[113.695005736,-6.93854313799994,0],[113.694687507,-6.93802775799998,0],[113.694482268,-6.93757919099994,0],[113.694097116,-6.93717661999995,0],[113.693463349,-6.93661805699998,0],[113.692762539,-6.93614981899998,0],[113.692016552,-6.93565934699996,0],[113.691610036,-6.93545927999998,0],[113.691023741,-6.93532768399996,0],[113.690415185,-6.93524118899995,0],[113.689806876,-6.93519966199995,0],[113.68915379,-6.93520336399996,0],[113.688388352,-6.93525267599995,0],[113.687127463,-6.93530478999998,0],[113.685911744,-6.93537912999994,0],[113.6849211,-6.93542971999995,0],[113.684494105,-6.93547752399996,0],[113.684407158,-6.93545344699993,0],[113.683213477,-6.93558303799995,0],[113.683171405,-6.93562213099995,0],[113.683108292,-6.93569823999997,0],[113.683066884,-6.93563269799995,0],[113.682950899,-6.93554786199996,0],[113.682822305,-6.93548002099993,0],[113.682395707,-6.93533584799997,0],[113.682016713,-6.93527884899993,0],[113.680716066,-6.93511006099993,0],[113.679802506,-6.93477502099995,0],[113.679330132,-6.93471715399994,0],[113.678864497,-6.93465952099996,0],[113.677945523,-6.93442248799994,0],[113.677489912,-6.93430002299993,0],[113.677396166,-6.93427948999994,0],[113.676922903,-6.93420833199997,0],[113.676841092,-6.93420509799995,0],[113.675938728,-6.93416456199998,0],[113.675606265,-6.93413540599994,0],[113.675372151,-6.93413817999993,0],[113.675161421,-6.93414066799994,0],[113.674672064,-6.93410540099995,0],[113.674598149,-6.93406853599993,0],[113.67440366,-6.93391254499994,0],[113.674241033,-6.93382116399994,0],[113.673920215,-6.93377557399998,0],[113.673579528,-6.93383121299996,0],[113.673177143,-6.93397931899995,0],[113.673012045,-6.93412488399997,0],[113.672877766,-6.93425606299996,0],[113.672264511,-6.93438092899993,0],[113.671678974,-6.93438422499997,0],[113.671273476,-6.93436402799995,0],[113.670889859,-6.93423126199997,0],[113.670506126,-6.93407601799993,0],[113.670077088,-6.93387604599997,0],[113.66962528,-6.93363123299997,0],[113.668992803,-6.93329748699995,0],[113.668446401,-6.93312059299996,0],[113.667931537,-6.93318519399998,0],[113.667341913,-6.93332859099996,0],[113.667058051,-6.93338053799994,0],[113.666100459,-6.93331775499996,0],[113.66575469,-6.93325936199994,0],[113.665594028,-6.93323903999993,0],[113.665431346,-6.93328215899993,0],[113.66502554,-6.93338972199996,0],[113.664756113,-6.93363850899993,0],[113.664301828,-6.93394364299996,0],[113.6640358,-6.93407025499994,0],[113.66399673,-6.93408257399994,0],[113.663357017,-6.93422792099994,0],[113.66313064,-6.93424793999998,0],[113.662735733,-6.93419515199997,0],[113.66234556,-6.93415701099997,0],[113.661821493,-6.93428421099998,0],[113.661471976,-6.93428797799993,0],[113.661430873,-6.93428108899997,0],[113.661408308,-6.93427415699995,0],[113.660622414,-6.93464873399995,0],[113.659858353,-6.93494534799993,0],[113.659026843,-6.93526482799996,0],[113.658442308,-6.93544800099994,0],[113.65778996,-6.93558657899996,0],[113.657182017,-6.93561246599995,0],[113.656416051,-6.93557178199995,0],[113.655649959,-6.93550861499995,0],[113.654793025,-6.93531101599996,0],[113.654123303,-6.93514075899998,0],[113.654072269,-6.93509966399995,0],[113.653731825,-6.93498814299994,0],[113.653510391,-6.93492404699998,0],[113.653309646,-6.93474361699998,0],[113.652982347,-6.93438272099996,0],[113.652665208,-6.93406297399997,0],[113.652570512,-6.93391793399996,0],[113.65253525,-6.93375262799998,0],[113.652557176,-6.93356612699995,0],[113.652681367,-6.93319346399994,0],[113.652625071,-6.93259189099996,0],[113.65258229,-6.93240150499997,0],[113.652424354,-6.93213808799993,0],[113.651592488,-6.93099827699996,0],[113.6514379,-6.93079010599996,0],[113.651017064,-6.93028516699997,0],[113.650784574,-6.93000621199997,0],[113.650473857,-6.92966032099997,0],[113.650150239,-6.92930007099994,0],[113.650147904,-6.92929746999994,0],[113.650127214,-6.92927151799995,0],[113.649638325,-6.92865827699995,0],[113.64933481,-6.92821503499994,0],[113.649210612,-6.92803366199996,0],[113.648863859,-6.92765824399993,0],[113.648851043,-6.92764436699997,0],[113.648687966,-6.92744414099997,0],[113.648492824,-6.92724896399994,0],[113.648077347,-6.92693332999994,0],[113.647604993,-6.92646776099997,0],[113.647357285,-6.92622360799993,0],[113.647173162,-6.92598523699996,0],[113.647109961,-6.92587673499997,0],[113.646959024,-6.92584237799997,0],[113.646647791,-6.92559221799996,0],[113.646385762,-6.92535968299995,0],[113.646353587,-6.92533112999996,0],[113.646233499,-6.92522455899996,0],[113.645895034,-6.92487352099994,0],[113.645895156,-6.92487145099994,0],[113.645895355,-6.92486328299998,0],[113.645895275,-6.92485511399997,0],[113.645894914,-6.92484695099995,0],[113.645894273,-6.92483880599997,0],[113.645893354,-6.92483068799993,0],[113.645892157,-6.92482260599996,0],[113.645890683,-6.92481456999997,0],[113.645888935,-6.92480658899996,0],[113.645886914,-6.92479867199995,0],[113.645884623,-6.92479082899996,0],[113.645882064,-6.92478306999993,0],[113.645879241,-6.92477540199997,0],[113.645876156,-6.92476783599994,0],[113.645872814,-6.92476037899996,0],[113.645869218,-6.92475304199996,0],[113.645865372,-6.92474583199993,0],[113.645861282,-6.92473875799993,0],[113.645856951,-6.92473182799995,0],[113.645852385,-6.92472505099994,0],[113.64584759,-6.92471843299995,0],[113.645842571,-6.92471198399994,0],[113.645837333,-6.92470571099994,0],[113.645831883,-6.92469961999996,0],[113.645826228,-6.92469371999994,0],[113.645820373,-6.92468801699994,0],[113.645814327,-6.92468251799994,0],[113.645808095,-6.92467722899994,0],[113.645801686,-6.92467215599993,0],[113.645793197,-6.92466543499995,0],[113.645784945,-6.92465842399997,0],[113.645776942,-6.92465113099996,0],[113.645769197,-6.92464356499994,0],[113.645761718,-6.92463573599997,0],[113.645754515,-6.92462765299996,0],[113.645747597,-6.92461932499998,0],[113.645740972,-6.92461076299998,0],[113.645734647,-6.92460197599996,0],[113.645728631,-6.92459297599993,0],[113.645722931,-6.92458377299994,0],[113.645717553,-6.92457437799993,0],[113.645712504,-6.92456480299995,0],[113.64570779,-6.92455505799995,0],[113.645703416,-6.92454515599997,0],[113.645699389,-6.92453510899998,0],[113.645695712,-6.92452492799993,0],[113.645692391,-6.92451462599996,0],[113.645689428,-6.92450421499996,0],[113.645686829,-6.92449370799994,0],[113.645684595,-6.92448311799996,0],[113.64568273,-6.92447245599993,0],[113.645681235,-6.92446173599996,0],[113.645680113,-6.92445097099994,0],[113.645679365,-6.92444017299994,0],[113.645678991,-6.92442935599996,0],[113.645678993,-6.92441853299994,0],[113.645679371,-6.92440771599996,0],[113.645680122,-6.92439691899995,0],[113.645681248,-6.92438615399993,0],[113.645682747,-6.92437543399996,0],[113.645684616,-6.92436477299998,0],[113.645686853,-6.92435418299993,0],[113.645689456,-6.92434367699997,0],[113.645692422,-6.92433326799994,0],[113.645695748,-6.92432296699997,0],[113.645699428,-6.92431278699996,0],[113.645703923,-6.92430158499997,0],[113.645708806,-6.92429054599995,0],[113.645714069,-6.92427968199996,0],[113.645719706,-6.92426900799995,0],[113.645725712,-6.92425853599997,0],[113.645732077,-6.92424827899993,0],[113.645738796,-6.92423824999997,0],[113.645745859,-6.92422845899995,0],[113.645753258,-6.92421891999993,0],[113.645760984,-6.92420964299993,0],[113.645769029,-6.92420063999998,0],[113.645777381,-6.92419192099993,0],[113.645786031,-6.92418349799993,0],[113.645794969,-6.92417538099994,0],[113.645804184,-6.92416757799998,0],[113.645813665,-6.92416009999994,0],[113.645823399,-6.92415295599994,0],[113.645833377,-6.92414615399997,0],[113.645843584,-6.92413970199993,0],[113.64585401,-6.92413360899997,0],[113.645864641,-6.92412788099995,0],[113.645875465,-6.92412252599996,0],[113.645886469,-6.92411754999995,0],[113.645897639,-6.92411295899996,0],[113.645908962,-6.92410875899998,0],[113.645920424,-6.92410495399997,0],[113.645932011,-6.92410154899994,0],[113.64594371,-6.92409854899995,0],[113.645955506,-6.92409595599997,0],[113.645967385,-6.92409377499996,0],[113.645979333,-6.92409200699996,0],[113.645991335,-6.92409065499993,0],[113.646003377,-6.92408972099997,0],[113.646015444,-6.92408920499997,0],[113.646027521,-6.92408910899996,0],[113.646039595,-6.92408943199996,0],[113.64605165,-6.92409017299997,0],[113.646063672,-6.92409133299998,0],[113.646075646,-6.92409290999996,0],[113.646087559,-6.92409490099993,0],[113.646099395,-6.92409730499998,0],[113.64611114,-6.92410011799996,0],[113.646122781,-6.92410333699996,0],[113.646134302,-6.92410695799992,0],[113.646145691,-6.92411097699994,0],[113.646156933,-6.92411538899995,0],[113.646168015,-6.92412018899995,0],[113.646178923,-6.92412536999996,0],[113.646189645,-6.92413092699996,0],[113.646200167,-6.92413685299994,0],[113.646210476,-6.92414314099994,0],[113.646220561,-6.92414978199997,0],[113.646230409,-6.92415676999997,0],[113.646240008,-6.92416409599997,0],[113.646249346,-6.92417174999997,0],[113.646258413,-6.92417972399994,0],[113.646267197,-6.92418800799993,0],[113.646275688,-6.92419659099994,0],[113.646283875,-6.92420546499994,0],[113.646291749,-6.92421461699996,0],[113.6462993,-6.92422403699993,0],[113.646306518,-6.92423371299998,0],[113.646313396,-6.92424363399994,0],[113.646319925,-6.92425378799993,0],[113.646326098,-6.92426416299998,0],[113.646331905,-6.92427474599998,0],[113.646337342,-6.92428552299998,0],[113.6463424,-6.92429648299998,0],[113.646348466,-6.92430963199996,0],[113.646354982,-6.92432256299998,0],[113.64636194,-6.92433526299993,0],[113.646369333,-6.92434771499995,0],[113.64637715,-6.92435990499996,0],[113.646385383,-6.92437181899993,0],[113.646394023,-6.92438344199996,0],[113.646403058,-6.92439475999993,0],[113.646412478,-6.92440575999996,0],[113.646422272,-6.92441642999995,0],[113.646432429,-6.92442675499996,0],[113.646442935,-6.92443672499996,0],[113.646453779,-6.92444632699994,0],[113.646464948,-6.92445554899996,0],[113.646476429,-6.92446438199994,0],[113.646488207,-6.92447281299997,0],[113.646500269,-6.92448083399995,0],[113.646512601,-6.92448843499994,0],[113.646525188,-6.92449560599994,0],[113.646538014,-6.92450233899996,0],[113.646551065,-6.92450862699997,0],[113.646564325,-6.92451446099994,0],[113.646577779,-6.92451983499996,0],[113.64659141,-6.92452474199996,0],[113.646605202,-6.92452917699995,0],[113.646619139,-6.92453313399994,0],[113.646633205,-6.92453660899997,0],[113.646647381,-6.92453959699998,0],[113.646661653,-6.92454209499994,0],[113.646676002,-6.92454409999993,0],[113.646690411,-6.92454560899995,0],[113.646704864,-6.92454662099993,0],[113.646719344,-6.92454713499995,0],[113.646733833,-6.92454714899998,0],[113.646748313,-6.92454666499998,0],[113.646762768,-6.92454568199997,0],[113.646777181,-6.92454420099995,0],[113.646791534,-6.92454222499993,0],[113.64680581,-6.92453975599994,0],[113.646819993,-6.92453679599993,0],[113.646834065,-6.92453334999993,0],[113.64684801,-6.92452941999994,0],[113.646861811,-6.92452501299994,0],[113.646875452,-6.92452013299993,0],[113.646888916,-6.92451478599997,0],[113.646902188,-6.92450897899994,0],[113.646915252,-6.92450271699994,0],[113.646928092,-6.92449600899994,0],[113.646940693,-6.92448886299997,0],[113.64695304,-6.92448128799998,0],[113.646965118,-6.92447329099997,0],[113.646976913,-6.92446488299993,0],[113.646988411,-6.92445607399998,0],[113.646999599,-6.92444687399995,0],[113.647010462,-6.92443729399997,0],[113.647020989,-6.92442734499997,0],[113.647031166,-6.92441703999998,0],[113.647040981,-6.92440638999994,0],[113.647163807,-6.92426333699996,0],[113.647281415,-6.92411597099994,0],[113.647393654,-6.92396448099993,0],[113.647541172,-6.92375189199993,0],[113.647683078,-6.92353552099996,0],[113.647819274,-6.92331551599995,0],[113.648052113,-6.92291644399995,0],[113.648274432,-6.92251142499993,0],[113.648361254,-6.92234250899998,0],[113.648443261,-6.92217120799995,0],[113.648520388,-6.92199765699996,0],[113.648529508,-6.92197525799997,0],[113.648537842,-6.92195255599995,0],[113.648545381,-6.92192957699996,0],[113.648552116,-6.92190634999997,0],[113.648558039,-6.92188290399997,0],[113.648563142,-6.92185926499997,0],[113.648567419,-6.92183546399997,0],[113.648570865,-6.92181152799998,0],[113.648573476,-6.92178748699996,0],[113.648575248,-6.92176336999995,0],[113.64857618,-6.92173920599993,0],[113.648576271,-6.92171502399998,0],[113.64857552,-6.92169085299997,0],[113.648573928,-6.92166672399998,0],[113.648571497,-6.92164266399993,0],[113.64856823,-6.92161870299998,0],[113.648564132,-6.92159486999998,0],[113.648559206,-6.92157119399997,0],[113.648553459,-6.92154770399998,0],[113.648546899,-6.92152442799994,0],[113.648539532,-6.92150139299997,0],[113.648531367,-6.92147862899998,0],[113.648522416,-6.92145616199997,0],[113.648512688,-6.92143401999994,0],[113.648502195,-6.92141222899994,0],[113.648490507,-6.92138799299994,0],[113.648479641,-6.92136337699998,0],[113.648469609,-6.92133840999998,0],[113.648460423,-6.92131311999998,0],[113.648452094,-6.92128753599997,0],[113.648444629,-6.92126168599998,0],[113.648438039,-6.92123559999993,0],[113.64843233,-6.92120930699997,0],[113.648427509,-6.92118283799994,0],[113.648423581,-6.92115622099993,0],[113.648420551,-6.92112948799996,0],[113.648418422,-6.92110266799995,0],[113.648417196,-6.92107579099996,0],[113.648416876,-6.92104888899996,0],[113.648417461,-6.92102199099998,0],[113.648418951,-6.92099512799996,0],[113.648421343,-6.92096832999994,0],[113.648424636,-6.92094162799998,0],[113.648428825,-6.92091505099995,0],[113.648433907,-6.92088862999998,0],[113.648439874,-6.92086239499997,0],[113.648446721,-6.92083637499996,0],[113.648454439,-6.92081059999992,0],[113.64846302,-6.92078509899994,0],[113.648470566,-6.92076496399994,0],[113.648478798,-6.92074509899993,0],[113.648487706,-6.92072552799993,0],[113.64849728,-6.92070627299995,0],[113.648507508,-6.92068735799995,0],[113.648518379,-6.92066880399994,0],[113.648529881,-6.92065063299998,0],[113.648541998,-6.92063286599995,0],[113.648554717,-6.92061552499996,0],[113.648568024,-6.92059862999997,0],[113.648581902,-6.92058219999996,0],[113.648596336,-6.92056625499993,0],[113.648611307,-6.92055081399997,0],[113.6486268,-6.92053589399995,0],[113.648642795,-6.92052151399997,0],[113.648659273,-6.92050768899998,0],[113.648676216,-6.92049443799993,0],[113.648693603,-6.92048177399994,0],[113.648711415,-6.92046971299993,0],[113.648729629,-6.92045826899994,0],[113.648748225,-6.92044745499993,0],[113.648767182,-6.92043728499993,0],[113.648786475,-6.92042776899996,0],[113.648806084,-6.92041891999997,0],[113.648825985,-6.92041074699995,0],[113.648846154,-6.92040326099993,0],[113.648866568,-6.92039646999996,0],[113.648887203,-6.92039038199994,0],[113.648908034,-6.92038500399997,0],[113.648929038,-6.92038034199993,0],[113.648941915,-6.92037794399994,0],[113.648950189,-6.92037640299998,0],[113.648979742,-6.92037090499997,0],[113.649009091,-6.92036441099998,0],[113.649038204,-6.92035692799993,0],[113.649067047,-6.92034846599995,0],[113.649095586,-6.92033903299995,0],[113.64912379,-6.92032863999998,0],[113.649151626,-6.92031729999997,0],[113.649179062,-6.92030502499995,0],[113.649206067,-6.92029182999994,0],[113.64923261,-6.92027772899996,0],[113.64925866,-6.92026273899995,0],[113.649284187,-6.92024687599996,0],[113.649309163,-6.92023015999996,0],[113.649333559,-6.92021260799993,0],[113.649357346,-6.92019424199998,0],[113.649380498,-6.92017508199996,0],[113.649402988,-6.92015514999997,0],[113.64942479,-6.92013446999994,0],[113.649445879,-6.92011306299997,0],[113.649466232,-6.92009095699996,0],[113.649485824,-6.92006817399994,0],[113.649504634,-6.92004474199996,0],[113.64952264,-6.92002068799997,0],[113.649539821,-6.91999603899995,0],[113.649556157,-6.91997082299997,0],[113.649571631,-6.91994506799995,0],[113.649611799,-6.91987278199997,0],[113.649644293,-6.91980935199996,0],[113.649649503,-6.91979918199996,0],[113.649684698,-6.91972435099996,0],[113.649717344,-6.91964837499995,0],[113.649747405,-6.91957134099994,0],[113.649774845,-6.91949333699995,0],[113.649799634,-6.91941445099997,0],[113.649821744,-6.91933477399994,0],[113.649841148,-6.91925439599993,0],[113.649849348,-6.91921463199998,0],[113.649856222,-6.91917461799994,0],[113.649861762,-6.91913439799993,0],[113.649865961,-6.91909401599997,0],[113.649868816,-6.91905351699995,0],[113.649870323,-6.91901294499996,0],[113.64987048,-6.91897234599998,0],[113.649869288,-6.91893176399998,0],[113.649866747,-6.91889124399995,0],[113.649862861,-6.91885083099993,0],[113.649857633,-6.91881056899996,0],[113.64985107,-6.91877050299996,0],[113.649843179,-6.91873067699993,0],[113.649828911,-6.91866934299998,0],[113.649812648,-6.91860850599994,0],[113.649794408,-6.91854823199998,0],[113.64977421,-6.91848858499998,0],[113.649752075,-6.91842962799996,0],[113.649728028,-6.91837142399993,0],[113.649702093,-6.91831403499998,0],[113.649674298,-6.91825752199998,0],[113.649644674,-6.91820194599995,0],[113.649613251,-6.91814736399994,0],[113.649580062,-6.91809383599997,0],[113.649555845,-6.91805753299997,0],[113.64953041,-6.91802206999995,0],[113.649521258,-6.91801018199993,0],[113.64952071,-6.91800699099997,0],[113.649532635,-6.91790263399997,0],[113.649535967,-6.91787346999996,0],[113.649574123,-6.91777334299996,0],[113.64957919,-6.91776021099997,0],[113.649644706,-6.91759041799997,0],[113.649658027,-6.91755589499996,0],[113.649660289,-6.91754969599998,0],[113.649691562,-6.91746403699995,0],[113.649749595,-6.91730507799997,0],[113.649773706,-6.91726178199997,0],[113.649823398,-6.91717254999998,0],[113.649836027,-6.91715490699994,0],[113.649936644,-6.91701431699994,0],[113.650079692,-6.91681444399995,0],[113.650183239,-6.91666976199997,0],[113.65027282,-6.91652890699993,0],[113.650384167,-6.91635382699997,0],[113.65040543,-6.91612883499994,0],[113.650269431,-6.91597217599997,0],[113.650230812,-6.91593404299994,0],[113.649861812,-6.91556968199995,0],[113.649770351,-6.91532282399993,0],[113.649769097,-6.91509795799993,0],[113.649781787,-6.91506576099994,0],[113.649857924,-6.91487259599995,0],[113.650081996,-6.91466895799994,0],[113.650262031,-6.91464547299995,0],[113.650577815,-6.91473366299994,0],[113.651051871,-6.91493340499994,0],[113.65139017,-6.91502146999994,0],[113.652020984,-6.91506292899993,0],[113.65247126,-6.91503793799995,0],[113.652854357,-6.91508076699995,0],[113.653484917,-6.91507725199995,0],[113.65382234,-6.91500791199996,0],[113.654001493,-6.91482701299998,0],[113.654202674,-6.91455604399994,0],[113.654359681,-6.91444273699994,0],[113.654562491,-6.91446408699994,0],[113.654833359,-6.91457501799994,0],[113.655126365,-6.91461835799993,0],[113.655328422,-6.91450478899998,0],[113.655700753,-6.91454187599993,0],[113.65621476,-6.91460753999996,0],[113.65673285,-6.91462713999994,0],[113.657341263,-6.91469119999994,0],[113.657904383,-6.91471054799996,0],[113.65835454,-6.91466305799997,0],[113.65873662,-6.91452599899998,0],[113.659230673,-6.91427587599998,0],[113.659746993,-6.91398065999994,0],[113.660397935,-6.91359474299998,0],[113.661071516,-6.91323118299994,0],[113.661543044,-6.91298119099997,0],[113.661947519,-6.91282151399997,0],[113.662487365,-6.91270606299997,0],[113.663027714,-6.91268054799997,0],[113.663770618,-6.91263141799993,0],[113.664603216,-6.91251432799993,0],[113.665187972,-6.91237613099997,0],[113.665637737,-6.91226118099996,0],[113.665997798,-6.91221419099998,0],[113.666380259,-6.91214458199994,0],[113.666740324,-6.91209759299994,0],[113.667438051,-6.91202622499998,0],[113.667933104,-6.91195598399997,0],[113.668495975,-6.91193034699995,0],[113.669148409,-6.91181424999996,0],[113.669530487,-6.91167718599996,0],[113.67063667,-6.91178419599993,0],[113.671188705,-6.91191744799994,0],[113.671969168,-6.91191744799994,0],[113.672349882,-6.91186033999998,0],[113.672673488,-6.91172708899995,0],[113.673092274,-6.91161287499995,0],[113.673511059,-6.91149866099994,0],[113.673853702,-6.91140348199997,0],[113.674029782,-6.91125833499996,0],[113.674458085,-6.91118695299997,0],[113.675171923,-6.91113936199997,0],[113.675861966,-6.91123453999995,0],[113.676635291,-6.91137730799994,0],[113.677456205,-6.91142489699996,0],[113.678415128,-6.91136303199994,0],[113.678824396,-6.91140110399994,0],[113.679138484,-6.91134399799995,0],[113.679395466,-6.91128688999993,0],[113.679823769,-6.91112508499998,0],[113.680214001,-6.91098231799998,0],[113.680594715,-6.91089665899995,0],[113.680908803,-6.91080147999998,0],[113.681089642,-6.91063967499997,0],[113.681155613,-6.91033584899998,0],[113.681301407,-6.91033502699997,0],[113.681374986,-6.91044742499997,0],[113.681703788,-6.91086480399997,0],[113.681965216,-6.91113954399998,0],[113.682183399,-6.91127734699995,0],[113.682933064,-6.91156343299997,0],[113.684375793,-6.91178722699993,0],[113.68450138,-6.91173240799998,0],[113.684597028,-6.91169342899997,0],[113.684937023,-6.91161363799995,0],[113.685091127,-6.91157268299997,0],[113.685098886,-6.91156969299993,0],[113.68526075,-6.91152574999995,0],[113.685417823,-6.91155407599996,0],[113.685712131,-6.91161138799993,0],[113.686099803,-6.91158373699994,0],[113.686940516,-6.91154207099993,0],[113.687082865,-6.91154605499997,0],[113.687283195,-6.91155166699997,0],[113.687457498,-6.91162284799998,0],[113.687755192,-6.91174441299995,0],[113.688021665,-6.91177855399997,0],[113.68886879,-6.91179156399994,0],[113.689012375,-6.91187820699997,0],[113.689132488,-6.91195537599998,0],[113.689367214,-6.91195153499996,0],[113.689458887,-6.91195003399997,0],[113.689861822,-6.91194344699994,0],[113.690035169,-6.91193973899993,0],[113.690206648,-6.91194104799996,0],[113.690335234,-6.91194659999996,0],[113.690698717,-6.91185866599994,0],[113.691117192,-6.91191061699993,0],[113.691335468,-6.91195413999998,0],[113.691347199,-6.91195497699994,0],[113.691834134,-6.91200183399997,0],[113.692004017,-6.91201120999995,0],[113.692563014,-6.91208912199994,0],[113.692955038,-6.91214375999994,0],[113.692986123,-6.91214809299993,0],[113.693290852,-6.91230181999993,0],[113.693508999,-6.91236563499996,0],[113.693809362,-6.91236790399995,0],[113.694014744,-6.91239421999995,0],[113.694016662,-6.91239452699995,0],[113.694678644,-6.91243006999997,0]]]]}},{"type":"Feature","properties":{"fid":82643,"ori_name":"Lebeng Barat","kode_kec":"35.29.13","kode_kd":"35.29.13.2006","kode_kk":"35.29","kode_prov":"35","tipe_kd":1,"kecamatan":"Pasongsongan","kel_desa":"Lebeng Barat","kab_kota":"Sumenep","provinsi":"Jawa Timur","jenis_kd":"Desa","nama":"Desa Lebeng Barat","label":"Desa Lebeng Barat, Kecamatan Pasongsongan, Kabupaten Sumenep, Provinsi Jawa Timur, 35.29.13.2006"},"geometry":{"type":"MultiPolygon","coordinates":[[[[113.646385762,-6.92535968299995,0],[113.646647791,-6.92559221799996,0],[113.646959024,-6.92584237799997,0],[113.647109961,-6.92587673499997,0],[113.647173162,-6.92598523699996,0],[113.647357285,-6.92622360799993,0],[113.647604993,-6.92646776099997,0],[113.648077347,-6.92693332999994,0],[113.648492824,-6.92724896399994,0],[113.648687966,-6.92744414099997,0],[113.648851043,-6.92764436699997,0],[113.648863859,-6.92765824399993,0],[113.649210612,-6.92803366199996,0],[113.64933481,-6.92821503499994,0],[113.649638325,-6.92865827699995,0],[113.650127214,-6.92927151799995,0],[113.650147904,-6.92929746999994,0],[113.650150239,-6.92930007099994,0],[113.650473857,-6.92966032099997,0],[113.650784574,-6.93000621199997,0],[113.651017064,-6.93028516699997,0],[113.6514379,-6.93079010599996,0],[113.651592488,-6.93099827699996,0],[113.652424354,-6.93213808799993,0],[113.65258229,-6.93240150499997,0],[113.652625071,-6.93259189099996,0],[113.652681367,-6.93319346399994,0],[113.652557176,-6.93356612699995,0],[113.65253525,-6.93375262799998,0],[113.652570512,-6.93391793399996,0],[113.652665208,-6.93406297399997,0],[113.652982347,-6.93438272099996,0],[113.653309646,-6.93474361699998,0],[113.653510391,-6.93492404699998,0],[113.653731825,-6.93498814299994,0],[113.654072269,-6.93509966399995,0],[113.654123303,-6.93514075899998,0],[113.654793025,-6.93531101599996,0],[113.655649959,-6.93550861499995,0],[113.656416051,-6.93557178199995,0],[113.657182017,-6.93561246599995,0],[113.65778996,-6.93558657899996,0],[113.658442308,-6.93544800099994,0],[113.659026843,-6.93526482799996,0],[113.659858353,-6.93494534799993,0],[113.660622414,-6.93464873399995,0],[113.661408308,-6.93427415699995,0],[113.661430873,-6.93428108899997,0],[113.661471976,-6.93428797799993,0],[113.661821493,-6.93428421099998,0],[113.66234556,-6.93415701099997,0],[113.662735733,-6.93419515199997,0],[113.66313064,-6.93424793999998,0],[113.663357017,-6.93422792099994,0],[113.66399673,-6.93408257399994,0],[113.6640358,-6.93407025499994,0],[113.664301828,-6.93394364299996,0],[113.664756113,-6.93363850899993,0],[113.66502554,-6.93338972199996,0],[113.665431346,-6.93328215899993,0],[113.66489105,-6.93828123199995,0],[113.664662624,-6.93880233399994,0],[113.664562686,-6.93917352999995,0],[113.664298565,-6.94039419299997,0],[113.664148659,-6.94105806299996,0],[113.663713714,-6.94209967199993,0],[113.663713714,-6.94219484999996,0],[113.663755354,-6.94229002899993,0],[113.663892173,-6.94243279599993,0],[113.663999249,-6.94251607799993,0],[113.664076582,-6.94262910199996,0],[113.664136068,-6.94275402399995,0],[113.664201502,-6.94289084299993,0],[113.664255041,-6.94305740499993,0],[113.664319762,-6.94328892699997,0],[113.664408992,-6.94356732299997,0],[113.664467035,-6.94378366199993,0],[113.664394121,-6.94401882599993,0],[113.664322737,-6.94421810599994,0],[113.664307865,-6.94433410499994,0],[113.66433166,-6.94442333499995,0],[113.664355454,-6.94460476999996,0],[113.664295968,-6.94498548199994,0],[113.66407819,-6.94571233999994,0],[113.663969062,-6.94572145599994,0],[113.663769691,-6.94570864199994,0],[113.663744548,-6.94597117399996,0],[113.663749306,-6.94605207599994,0],[113.663773101,-6.94613773599997,0],[113.663830207,-6.94618532499993,0],[113.663877797,-6.94626622799996,0],[113.663882556,-6.94635188799998,0],[113.663854004,-6.94644706599996,0],[113.663782619,-6.94658507499997,0],[113.663663646,-6.94678019099996,0],[113.663658888,-6.94686585099993,0],[113.663663646,-6.94698006499993,0],[113.663658888,-6.94708476299996,0],[113.663606539,-6.94713710999997,0],[113.663506601,-6.94723228799995,0],[113.663454253,-6.94733222599996,0],[113.663435218,-6.94743216299997,0],[113.663401904,-6.94753685899997,0],[113.663316245,-6.94764631499993,0],[113.663325762,-6.94786998399996,0],[113.663349558,-6.94799371599993,0],[113.663444736,-6.94809841399996,0],[113.663487567,-6.94819834899994,0],[113.663516119,-6.94828400999995,0],[113.663549432,-6.94839346499998,0],[113.663587503,-6.94848388599996,0],[113.663673164,-6.94861237599997,0],[113.663763583,-6.94867424199998,0],[113.663834968,-6.94874562499996,0],[113.663858762,-6.94885983999995,0],[113.663844485,-6.94895977699997,0],[113.663782619,-6.94903591999997,0],[113.663649369,-6.94911682099996,0],[113.663197272,-6.94924531199996,0],[113.66307354,-6.94926910699996,0],[113.663011674,-6.94931193699995,0],[113.66298312,-6.94940711599997,0],[113.662987879,-6.94953084799994,0],[113.663002156,-6.94968789199993,0],[113.66302595,-6.94978306999997,0],[113.663059264,-6.94990204399994,0],[113.663044986,-6.95001149899997,0],[113.663002166,-6.95005907699993,0],[113.662959326,-6.95010667699995,0],[113.662897459,-6.95023516999993,0],[113.662902219,-6.95032558799994,0],[113.662906977,-6.95043980199995,0],[113.662906977,-6.95056353399997,0],[113.662892701,-6.95065871199995,0],[113.662864148,-6.95077768599998,0],[113.662845111,-6.95086810499993,0],[113.662830835,-6.95095852399993,0],[113.662826077,-6.95105846199993,0],[113.662707104,-6.95117743499998,0],[113.662478674,-6.95138682699996,0],[113.662335907,-6.95150104099997,0],[113.662264523,-6.95163429199994,0],[113.662216933,-6.95192934399995,0],[113.662193139,-6.95205307599997,0],[113.662159827,-6.95215301399998,0],[113.662169344,-6.95223391499997,0],[113.662226451,-6.95233861199995,0],[113.662288317,-6.95245758499993,0],[113.662312112,-6.95281450399995,0],[113.662269282,-6.95314762799995,0],[113.662240133,-6.95339533099997,0],[113.662246082,-6.95348963599997,0],[113.662249889,-6.95372758199994,0],[113.662247986,-6.95399979499996,0],[113.662204204,-6.95421679899994,0],[113.662129965,-6.95449281699996,0],[113.662029075,-6.95500868599993,0],[113.662017654,-6.95514954799995,0],[113.66202146,-6.95525614799993,0],[113.662091894,-6.95553787599994,0],[113.662116639,-6.95567493299995,0],[113.662112832,-6.95626694299995,0],[113.662124254,-6.95671999199993,0],[113.66212235,-6.95715971699997,0],[113.662124254,-6.95729677399993,0],[113.662141386,-6.95739766299994,0],[113.662202301,-6.95755375599992,0],[113.662259694,-6.95774534399993,0],[113.661978918,-6.95834496799995,0],[113.661712418,-6.95903501199996,0],[113.661622,-6.95931102999998,0],[113.661545857,-6.95961084099997,0],[113.661555374,-6.95971077899998,0],[113.661569651,-6.95981071599994,0],[113.661512544,-6.95992492999994,0],[113.661436401,-6.96016763699993,0],[113.661345981,-6.96062925099994,0],[113.661279357,-6.96105755399998,0],[113.661222249,-6.96123363399994,0],[113.661184178,-6.96140019599994,0],[113.661203214,-6.96151916899993,0],[113.661298986,-6.96163873899997,0],[113.661337653,-6.96171904399995,0],[113.661400113,-6.96180232499995,0],[113.661456626,-6.96197780999995,0],[113.661510163,-6.96206704199994,0],[113.66153396,-6.96210867999997,0],[113.661542883,-6.96215924499995,0],[113.661530985,-6.96222765299996,0],[113.661498267,-6.96231985799994,0],[113.661525036,-6.96242693299996,0],[113.661495293,-6.96251616299998,0],[113.661403089,-6.96262323899998,0],[113.661313859,-6.96268569999995,0],[113.661096733,-6.96265893099996,0],[113.661022376,-6.96267677699996,0],[113.660974786,-6.96273626299995,0],[113.660864734,-6.96327461599998,0],[113.660751711,-6.96408958399996,0],[113.660718993,-6.96440486199998,0],[113.660736839,-6.96449409099995,0],[113.660713045,-6.96502352099998,0],[113.660671404,-6.96566300099994,0],[113.660611918,-6.96630842999997,0],[113.66053756,-6.96688842299994,0],[113.660484023,-6.96742380099994,0],[113.660444698,-6.96791910999997,0],[113.66041325,-6.96806436299994,0],[113.660360657,-6.96834141899996,0],[113.660410624,-6.96838424899994,0],[113.660524839,-6.96847347899995,0],[113.660596223,-6.96855556999998,0],[113.660635485,-6.96862695599998,0],[113.66066047,-6.96870190699997,0],[113.660310364,-6.96956698499997,0],[113.660071641,-6.96950904199997,0],[113.659357803,-6.96923064399994,0],[113.659008498,-6.96894487199995,0],[113.658733669,-6.96803829699996,0],[113.658708686,-6.96780629999995,0],[113.65870313,-6.96764150999996,0],[113.658521949,-6.96762767999996,0],[113.658457703,-6.96761483099993,0],[113.658364905,-6.96756771699995,0],[113.658296376,-6.96751346399998,0],[113.658139615,-6.96732901299993,0],[113.657961257,-6.96715044099994,0],[113.657881293,-6.96709343299995,0],[113.657696752,-6.96698808099995,0],[113.657364103,-6.96681675999997,0],[113.657185644,-6.96670682699994,0],[113.656977203,-6.96656977199996,0],[113.656590777,-6.96636134699997,0],[113.65606196,-6.96616051999996,0],[113.655182614,-6.96591018599997,0],[113.654255576,-6.96550091799998,0],[113.653343766,-6.96512781799993,0],[113.652877392,-6.96496410999993,0],[113.652681324,-6.96489748599993,0],[113.652559496,-6.96486512599995,0],[113.652399991,-6.96484795199996,0],[113.652289189,-6.96482705499994,0],[113.651744768,-6.96460433699997,0],[113.651390155,-6.96449284099998,0],[113.651218139,-6.96445813199995,0],[113.650709227,-6.96433022099995,0],[113.650532195,-6.96430928299998,0],[113.650397042,-6.96431308899997,0],[113.650202878,-6.96434545099993,0],[113.649930667,-6.96431499399995,0],[113.649038104,-6.96430381499994,0],[113.649207379,-6.96361945899997,0],[113.648639283,-6.96339935999993,0],[113.648603591,-6.96360458799995,0],[113.64841026,-6.96408940399994,0],[113.648308055,-6.96430607699995,0],[113.648259197,-6.96430045799997,0],[113.647773924,-6.96408656499995,0],[113.647243185,-6.96386617399997,0],[113.647046879,-6.96378646299996,0],[113.646854143,-6.96367581699997,0],[113.646778,-6.96364607399994,0],[113.646624525,-6.96362346899997,0],[113.646529347,-6.96359848399993,0],[113.646366215,-6.96353648299993,0],[113.646168858,-6.96348308199993,0],[113.646059402,-6.96346999399998,0],[113.645846441,-6.96345214899998,0],[113.64576554,-6.96343906199996,0],[113.645639428,-6.96339741899993,0],[113.645550199,-6.96336410899994,0],[113.645489522,-6.96335221099997,0],[113.645406241,-6.96335102199993,0],[113.645344375,-6.96336410899994,0],[113.645226592,-6.96342835299993,0],[113.644961282,-6.96361514099993,0],[113.644908934,-6.96365202299995,0],[113.644853016,-6.96365797099998,0],[113.644722146,-6.96364250399995,0],[113.644500152,-6.96359149199998,0],[113.644085158,-6.96353444499994,0],[113.643500419,-6.96342535899993,0],[113.643551003,-6.96303399399994,0],[113.643365406,-6.96296974899997,0],[113.643329714,-6.96274131999996,0],[113.642876427,-6.96270919699998,0],[113.642726476,-6.96264103699997,0],[113.642415168,-6.96246573799993,0],[113.642254555,-6.96242647699995,0],[113.642165324,-6.96236580099998,0],[113.642208155,-6.96210881999997,0],[113.641829821,-6.96202672899994,0],[113.641265888,-6.96191965299994,0],[113.641115982,-6.96189109899996,0],[113.641013309,-6.96210600499995,0],[113.640531468,-6.96205246599993,0],[113.640402977,-6.96206317399998,0],[113.640113872,-6.96202034199996,0],[113.640053196,-6.96211671099996,0],[113.640053196,-6.96218809599998,0],[113.64008175,-6.96225590999995,0],[113.640110303,-6.96233086299998,0],[113.64012458,-6.96240938599993,0],[113.640131718,-6.96247006099998,0],[113.640135288,-6.96253430799993,0],[113.640106734,-6.96258427499993,0],[113.640053196,-6.96260212099997,0],[113.639881875,-6.96257356899997,0],[113.639756953,-6.96253787599994,0],[113.63933222,-6.96263424399996,0],[113.639041126,-6.96271147299996,0],[113.638990648,-6.96314221899996,0],[113.638895469,-6.96313746099997,0],[113.638900228,-6.96359431699995,0],[113.638881193,-6.96397978899995,0],[113.638815826,-6.96470993999998,0],[113.638529726,-6.96466961699997,0],[113.638472619,-6.96468389199993,0],[113.638448825,-6.96471720399995,0],[113.638401235,-6.96479810599993,0],[113.638334611,-6.96483617699994,0],[113.638282263,-6.96481238299998,0],[113.638229915,-6.96478383099998,0],[113.638168048,-6.96476003499993,0],[113.638091906,-6.96473148099994,0],[113.63807287,-6.96467437399997,0],[113.63807287,-6.96460774999997,0],[113.638068111,-6.96454112399994,0],[113.638025281,-6.96450781199997,0],[113.637939621,-6.96443642999998,0],[113.637863477,-6.96436028499994,0],[113.637763541,-6.96429842099997,0],[113.637668363,-6.96423655299998,0],[113.637563664,-6.96413661599996,0],[113.637420898,-6.96383680399992,0],[113.637111568,-6.96354650899997,0],[113.637002112,-6.96347988499997,0],[113.636868864,-6.96343705399994,0],[113.636783202,-6.96341325999992,0],[113.636668988,-6.96338946499998,0],[113.636578569,-6.96340850099995,0],[113.636464354,-6.96348940199994,0],[113.636193096,-6.96353699199994,0],[113.635417391,-6.96345133099993,0],[113.634951017,-6.96347512599993,0],[113.634946259,-6.96356078799994,0],[113.634570302,-6.96347988499997,0],[113.634527473,-6.96360837499998,0],[113.634194349,-6.96354650899997,0],[113.634159846,-6.96369348299993,0],[113.633579259,-6.96353167699993,0],[113.633388901,-6.96343173999998,0],[113.633093849,-6.96342698099994,0],[113.632746446,-6.96339842799995,0],[113.632656027,-6.96348408799997,0],[113.632565608,-6.96368872199997,0],[113.632237243,-6.96411702499995,0],[113.631994537,-6.96404088299994,0],[113.631847011,-6.96418364999994,0],[113.631799421,-6.96430738199996,0],[113.631770868,-6.96439780099996,0],[113.631661412,-6.96465478299996,0],[113.631556717,-6.96478327399996,0],[113.631442503,-6.96480706899996,0],[113.6310142,-6.96518302299995,0],[113.630985645,-6.96527820199998,0],[113.630447888,-6.96510212199996,0],[113.629991031,-6.96502121999993,0],[113.629791156,-6.96492604199995,0],[113.629567487,-6.96491176499995,0],[113.629438997,-6.96482610399994,0],[113.629229603,-6.96464526699998,0],[113.628920273,-6.96458339999998,0],[113.628647429,-6.96444380399993,0],[113.628322632,-6.96435814499995,0],[113.628290509,-6.96436528199996,0],[113.628301218,-6.96440454299994,0],[113.628326202,-6.96455801799993,0],[113.628336909,-6.96471506299997,0],[113.628308355,-6.96496133699998,0],[113.628236634,-6.96516572999997,0],[113.628051504,-6.96511821899998,0],[113.627778818,-6.96507039099993,0],[113.627476864,-6.96500543199994,0],[113.627117803,-6.96492833799994,0],[113.626892646,-6.96488082999997,0],[113.626829829,-6.96487012199998,0],[113.626768752,-6.96486683399996,0],[113.626619912,-6.96487089399994,0],[113.626578792,-6.96487201399998,0],[113.626461001,-6.96487522499996,0],[113.626462132,-6.96487413099993,0],[113.626470852,-6.96486509099998,0],[113.626479255,-6.96485575599996,0],[113.626487331,-6.96484613699994,0],[113.626495071,-6.96483624499996,0],[113.626502464,-6.96482609299994,0],[113.626509503,-6.96481569199995,0],[113.626516178,-6.96480505499994,0],[113.626522483,-6.96479419399998,0],[113.626528409,-6.96478312199997,0],[113.626533949,-6.96477185299995,0],[113.626539098,-6.96476039999993,0],[113.626543848,-6.96474877599996,0],[113.626548194,-6.96473699499995,0],[113.626552131,-6.96472507199996,0],[113.626572855,-6.96465415699993,0],[113.626591103,-6.96458256699998,0],[113.626606855,-6.96451038699996,0],[113.626620091,-6.96443770399998,0],[113.626630795,-6.96436460699994,0],[113.626638955,-6.96429118199995,0],[113.62664456,-6.96421751899993,0],[113.626647604,-6.96414370599996,0],[113.626648083,-6.96406983099996,0],[113.626645997,-6.96399598499994,0],[113.626641348,-6.96392225499994,0],[113.626634141,-6.96384873099993,0],[113.626624386,-6.96377550099993,0],[113.626618614,-6.96374129099996,0],[113.626612094,-6.96370265299993,0],[113.626598634,-6.96363692899996,0],[113.626582885,-6.96357171599993,0],[113.626564866,-6.96350709199993,0],[113.626544598,-6.96344313599997,0],[113.626522108,-6.96337992699995,0],[113.626497421,-6.96331754099998,0],[113.626470569,-6.96325605499993,0],[113.626441583,-6.96319554299993,0],[113.6264105,-6.96313608099996,0],[113.626377358,-6.96307773899997,0],[113.626342196,-6.96302058999993,0],[113.626305058,-6.96296470199997,0],[113.62627857,-6.96292764299994,0],[113.626250867,-6.96289148199997,0],[113.626221981,-6.96285625699994,0],[113.626191943,-6.96282200699994,0],[113.626160786,-6.96278877099996,0],[113.626128544,-6.96275658399998,0],[113.626095253,-6.96272548299993,0],[113.626060949,-6.96269549999994,0],[113.626025669,-6.96266666999998,0],[113.625989453,-6.96263902299995,0],[113.625952341,-6.96261258999994,0],[113.625914372,-6.96258739999996,0],[113.625875589,-6.96256348099996,0],[113.625836034,-6.96254085899994,0],[113.625795751,-6.96251955899993,0],[113.625765646,-6.96250492999997,0],[113.625735048,-6.96249136299997,0],[113.625703993,-6.96247887499993,0],[113.625672519,-6.96246748099998,0],[113.625640666,-6.96245719499996,0],[113.625608471,-6.96244802999996,0],[113.625575976,-6.96243999599994,0],[113.625543218,-6.96243310399996,0],[113.62551024,-6.96242736199997,0],[113.62547708,-6.96242277799996,0],[113.62544378,-6.96241935599994,0],[113.625410381,-6.96241710099997,0],[113.625376923,-6.96241601599996,0],[113.625343447,-6.96241610199996,0],[113.625309995,-6.96241735899997,0],[113.625276608,-6.96241978499995,0],[113.625243326,-6.96242337799993,0],[113.625210191,-6.96242813299995,0],[113.625177242,-6.96243404399996,0],[113.62514452,-6.96244110399994,0],[113.625112066,-6.96244930399996,0],[113.62507992,-6.96245863499996,0],[113.625047307,-6.96246810999997,0],[113.625014386,-6.96247645799997,0],[113.624981198,-6.96248366699996,0],[113.62494778,-6.96248972899997,0],[113.624914173,-6.96249463799995,0],[113.624880417,-6.96249838599994,0],[113.624846552,-6.96250097099994,0],[113.624812618,-6.96250238799996,0],[113.624778655,-6.96250263599995,0],[113.624744704,-6.96250171499997,0],[113.624710804,-6.96249962499996,0],[113.624676997,-6.96249636999994,0],[113.624643322,-6.96249195299993,0],[113.62460982,-6.96248637899993,0],[113.624576529,-6.96247965499998,0],[113.62454349,-6.96247178899995,0],[113.624510742,-6.96246279099995,0],[113.624478324,-6.96245266999995,0],[113.624446273,-6.96244143999996,0],[113.624414629,-6.96242911299993,0],[113.624383429,-6.96241570399997,0],[113.62435271,-6.96240122799998,0],[113.624274563,-6.96236115399995,0],[113.624197763,-6.96231855799994,0],[113.624122391,-6.96227348599996,0],[113.624048529,-6.96222598599996,0],[113.623976253,-6.96217610799994,0],[113.62390564,-6.96212390499994,0],[113.623836766,-6.96206943299995,0],[113.623769704,-6.96201274899994,0],[113.623704524,-6.96195391299995,0],[113.623679259,-6.96192953299993,0],[113.623654839,-6.96190430699994,0],[113.623631294,-6.96187826399995,0],[113.623608649,-6.96185143599996,0],[113.623586932,-6.96182385299994,0],[113.623566167,-6.96179554699995,0],[113.623546378,-6.96176655099993,0],[113.62352759,-6.96173689899996,0],[113.623509822,-6.96170662399993,0],[113.623493096,-6.96167576299996,0],[113.623477432,-6.96164434999997,0],[113.623462847,-6.96161242299996,0],[113.623449359,-6.96158001799995,0],[113.623436982,-6.96154717299993,0],[113.623408571,-6.96146324699993,0],[113.623383014,-6.96137840799997,0],[113.62336034,-6.96129275599998,0],[113.623340577,-6.96120638699995,0],[113.623323745,-6.96111939899993,0],[113.623309865,-6.96103189299993,0],[113.623298952,-6.96094396899997,0],[113.623291019,-6.96085572599998,0],[113.623286074,-6.96076726499996,0],[113.62328439,-6.96069279899996,0],[113.623285136,-6.96061831699996,0],[113.623288311,-6.96054389899996,0],[113.623293912,-6.96046962399993,0],[113.623301933,-6.96039556999995,0],[113.623312366,-6.96032181799995,0],[113.623325198,-6.96024844399994,0],[113.623340418,-6.96017552699993,0],[113.623358007,-6.96010314499995,0],[113.623377949,-6.96003137399993,0],[113.62352244,-6.95955520399997,0],[113.623701144,-6.95899356099994,0],[113.623945633,-6.95828073599995,0],[113.624199572,-6.95761364899994,0],[113.624206208,-6.95759786899993,0],[113.624213383,-6.95758232599997,0],[113.624221089,-6.95756703899997,0],[113.624229317,-6.95755202499993,0],[113.624238057,-6.95753730399997,0],[113.624247298,-6.95752289099994,0],[113.624257031,-6.95750880499997,0],[113.624267242,-6.95749506199996,0],[113.62427792,-6.95748167799997,0],[113.624289053,-6.95746866899998,0],[113.624300628,-6.95745604999996,0],[113.62431263,-6.95744383599992,0],[113.624325045,-6.95743204299993,0],[113.624337859,-6.95742068299995,0],[113.624351056,-6.95740976999997,0],[113.624364622,-6.95739931799994,0],[113.624378539,-6.95738933799993,0],[113.624392791,-6.95737984199997,0],[113.624407362,-6.95737084199993,0],[113.624422235,-6.95736234799995,0],[113.624437391,-6.95735436999996,0],[113.624452812,-6.95734691799993,0],[113.624468481,-6.95734000099998,0],[113.624484379,-6.95733362599998,0],[113.624500487,-6.95732780199995,0],[113.624516786,-6.95732253499995,0],[113.624533257,-6.95731783099995,0],[113.624549879,-6.95731369599997,0],[113.624566635,-6.95731013499994,0],[113.624583503,-6.95730715199994,0],[113.624600464,-6.95730475099998,0],[113.624617497,-6.95730293399993,0],[113.624634583,-6.95730170399997,0],[113.624651701,-6.95730106099995,0],[113.624668831,-6.95730100799994,0],[113.624685953,-6.95730154299997,0],[113.624703046,-6.95730266699996,0],[113.62472009,-6.95730437799995,0],[113.624737066,-6.95730667299995,0],[113.624754666,-6.95730904999994,0],[113.624772339,-6.95731081299994,0],[113.624790063,-6.95731196099996,0],[113.624807815,-6.95731249199997,0],[113.624825576,-6.95731240499993,0],[113.624843322,-6.95731170099998,0],[113.624861034,-6.95731037999997,0],[113.624878689,-6.95730844399998,0],[113.624896265,-6.95730589599998,0],[113.624913742,-6.95730273799995,0],[113.624931099,-6.95729897499996,0],[113.624948314,-6.95729460999996,0],[113.624965367,-6.95728964899996,0],[113.624982236,-6.95728409899993,0],[113.624998903,-6.95727796499995,0],[113.625015345,-6.95727125599996,0],[113.625031544,-6.95726397799996,0],[113.62504748,-6.95725614299994,0],[113.625063133,-6.95724775799994,0],[113.625078484,-6.95723883299996,0],[113.625093516,-6.95722938099993,0],[113.62510821,-6.95721941099993,0],[113.625122547,-6.95720893699996,0],[113.625136511,-6.95719797099997,0],[113.625150085,-6.95718652499994,0],[113.625163251,-6.95717461499993,0],[113.625175996,-6.95716225399997,0],[113.625188302,-6.95714945799995,0],[113.625200155,-6.95713624099994,0],[113.62521154,-6.95712262099994,0],[113.625222445,-6.95710861199996,0],[113.625232855,-6.95709423399995,0],[113.625242758,-6.95707950099995,0],[113.625252142,-6.95706443399996,0],[113.625260996,-6.95704904899998,0],[113.625269308,-6.95703336599996,0],[113.62527707,-6.95701740399994,0],[113.625284271,-6.95700118099995,0],[113.625294411,-6.95697604399993,0],[113.625303696,-6.95695057899997,0],[113.625312115,-6.95692481499998,0],[113.625319657,-6.95689878099995,0],[113.625326315,-6.95687250799995,0],[113.625332081,-6.95684602499995,0],[113.625336949,-6.95681936199998,0],[113.625340912,-6.95679255099998,0],[113.625343966,-6.95676562099993,0],[113.625346108,-6.95673860299996,0],[113.625347336,-6.95671152799997,0],[113.625347647,-6.95668442699997,0],[113.625347042,-6.95665733199996,0],[113.625345521,-6.95663027199993,0],[113.625343087,-6.95660327899998,0],[113.62533974,-6.95657638299997,0],[113.625335487,-6.95654961599996,0],[113.625330331,-6.95652300799998,0],[113.625324278,-6.95649658899993,0],[113.62530014,-6.95640558299993,0],[113.625272897,-6.95631545799995,0],[113.62524258,-6.95622631699996,0],[113.625209226,-6.95613826699997,0],[113.625172872,-6.95605140999993,0],[113.625133563,-6.95596584799995,0],[113.625091344,-6.95588168099994,0],[113.625046264,-6.95579900899997,0],[113.624998377,-6.95571792899995,0],[113.624947739,-6.95563853499993,0],[113.624924537,-6.95560479099993,0],[113.624900172,-6.95557187799994,0],[113.624874671,-6.95553983299993,0],[113.624848068,-6.95550869699997,0],[113.624820393,-6.95547850799994,0],[113.624791681,-6.95544930199998,0],[113.624761967,-6.95542111499998,0],[113.624731287,-6.95539397999994,0],[113.624699678,-6.95536793199994,0],[113.624667178,-6.95534300199995,0],[113.624633828,-6.95531922099997,0],[113.624599668,-6.95529661599994,0],[113.624564739,-6.95527521599996,0],[113.624529084,-6.95525504699998,0],[113.624492747,-6.95523613299997,0],[113.624455771,-6.95521849799997,0],[113.624418202,-6.95520216299997,0],[113.624380086,-6.95518714699995,0],[113.624341468,-6.95517346999998,0],[113.624302397,-6.95516114699996,0],[113.624262919,-6.95515019399994,0],[113.624249378,-6.95514644099995,0],[113.624235975,-6.95514222699995,0],[113.624222724,-6.95513755599995,0],[113.624209641,-6.95513243399995,0],[113.624196741,-6.95512686599994,0],[113.62418404,-6.95512085999997,0],[113.624171553,-6.95511442199995,0],[113.624159294,-6.95510755899994,0],[113.624147278,-6.95510028099994,0],[113.624135518,-6.95509259499994,0],[113.62412403,-6.95508451099994,0],[113.624112825,-6.95507603799996,0],[113.624101918,-6.95506718599995,0],[113.624091321,-6.95505796599997,0],[113.624081047,-6.95504838699998,0],[113.624071107,-6.95503846299994,0],[113.624061514,-6.95502820299993,0],[113.624052279,-6.95501762099997,0],[113.624043412,-6.95500672899993,0],[113.624034925,-6.95499553899998,0],[113.624026826,-6.95498406499996,0],[113.624019126,-6.95497231999997,0],[113.624011834,-6.95496031799996,0],[113.624004957,-6.95494807399996,0],[113.623998505,-6.95493560099993,0],[113.623992485,-6.95492291399995,0],[113.623986904,-6.95491002799997,0],[113.623981768,-6.95489695899994,0],[113.623977084,-6.95488372099993,0],[113.623972857,-6.95487033099994,0],[113.623969092,-6.95485680399997,0],[113.623965794,-6.95484315499993,0],[113.623962965,-6.95482940199997,0],[113.623960611,-6.95481555999993,0],[113.623958733,-6.95480164499997,0],[113.623957333,-6.95478767399993,0],[113.623956414,-6.95477366299997,0],[113.623955976,-6.95475962999996,0],[113.623956837,-6.95448191899993,0],[113.623967204,-6.95420440099997,0],[113.6239913,-6.95384971999994,0],[113.624024872,-6.95349580799996,0],[113.624109419,-6.95272119299995,0],[113.624169399,-6.95218103099995,0],[113.624251011,-6.95151189099994,0],[113.624339371,-6.95089138099996,0],[113.624343306,-6.95086832399994,0],[113.624348032,-6.95084541699993,0],[113.624353542,-6.95082268399995,0],[113.624359831,-6.95080015499997,0],[113.624366891,-6.95077785399997,0],[113.624374713,-6.95075580999998,0],[113.624383288,-6.95073404599998,0],[113.624392607,-6.95071258999997,0],[113.624402658,-6.95069146699996,0],[113.624413429,-6.95067070099998,0],[113.624424908,-6.95065031699994,0],[113.62443708,-6.95063033899993,0],[113.624449933,-6.95061078999993,0],[113.62446345,-6.95059169499996,0],[113.624477615,-6.95057307499997,0],[113.624492412,-6.95055495199995,0],[113.624507824,-6.95053734699997,0],[113.624523832,-6.95052028299995,0],[113.624540417,-6.95050377699994,0],[113.624557559,-6.95048785099993,0],[113.624575239,-6.95047252299997,0],[113.624593436,-6.95045781099998,0],[113.624612128,-6.95044373199994,0],[113.624631293,-6.95043030299996,0],[113.624650908,-6.95041753999993,0],[113.62468467,-6.95039558899998,0],[113.624717674,-6.95037251699995,0],[113.624749883,-6.95034834899997,0],[113.624781261,-6.95032311299997,0],[113.624811772,-6.95029683699994,0],[113.624841382,-6.95026955099996,0],[113.624870057,-6.95024128599994,0],[113.624897765,-6.95021207299993,0],[113.624924475,-6.95018194599993,0],[113.624950155,-6.95015093899997,0],[113.624974778,-6.95011908599997,0],[113.624998316,-6.95008642499994,0],[113.625016659,-6.95005907699993,0],[113.625020741,-6.95005299099995,0],[113.625042029,-6.95001882299994,0],[113.625062155,-6.94998395899995,0],[113.625081096,-6.94994843799998,0],[113.625098832,-6.94991230099993,0],[113.625115343,-6.94987558899993,0],[113.625130608,-6.94983834299995,0],[113.625146662,-6.94979497999998,0],[113.625161181,-6.94975107999994,0],[113.625174147,-6.94970669699995,0],[113.625185544,-6.94966188599994,0],[113.625195358,-6.94961670299995,0],[113.625203577,-6.94957120299995,0],[113.625210191,-6.94952544299997,0],[113.625215192,-6.94947947799994,0],[113.625218572,-6.94943336599994,0],[113.62522033,-6.94938716399997,0],[113.625220461,-6.94934092899996,0],[113.625218966,-6.94929471799998,0],[113.625216744,-6.94922690399994,0],[113.625216852,-6.94915905299996,0],[113.625219289,-6.94909124699996,0],[113.625224053,-6.94902356299997,0],[113.625231139,-6.94895608299993,0],[113.625240537,-6.94888888599996,0],[113.625252238,-6.94882204999993,0],[113.625266226,-6.94875565499996,0],[113.625282486,-6.94868977799996,0],[113.625300998,-6.94862449799996,0],[113.625311706,-6.94859116299995,0],[113.625323563,-6.94855821899995,0],[113.625336554,-6.94852570499995,0],[113.625350664,-6.94849365999994,0],[113.625365876,-6.94846212199997,0],[113.625382171,-6.94843112899997,0],[113.625399531,-6.94840071899995,0],[113.625417934,-6.94837092699993,0],[113.625437358,-6.94834178999997,0],[113.62545778,-6.94831334299994,0],[113.625479175,-6.94828561899993,0],[113.625501519,-6.94825865199994,0],[113.625524783,-6.94823247399995,0],[113.62554894,-6.94820711699998,0],[113.625573962,-6.94818261099994,0],[113.625599817,-6.94815898499996,0],[113.625626476,-6.94813626799993,0],[113.625653906,-6.94811448599995,0],[113.625682074,-6.94809366699997,0],[113.625710946,-6.94807383499995,0],[113.625740489,-6.94805501399998,0],[113.625770666,-6.94803722599994,0],[113.625801441,-6.94802049199996,0],[113.625832777,-6.94800483399996,0],[113.625864637,-6.94799026899994,0],[113.62587689,-6.94798466899994,0],[113.625888941,-6.94797865099997,0],[113.625900779,-6.94797222199998,0],[113.625912388,-6.94796538999998,0],[113.625923754,-6.94795816199996,0],[113.625934865,-6.94795054799994,0],[113.625945707,-6.94794255599993,0],[113.625956267,-6.94793419499996,0],[113.625966533,-6.94792547599997,0],[113.625976492,-6.94791640999995,0],[113.625986133,-6.94790700499993,0],[113.625995444,-6.94789727499995,0],[113.626004414,-6.94788723099998,0],[113.626013033,-6.94787688299994,0],[113.626021291,-6.94786624499994,0],[113.626029177,-6.94785532999992,0],[113.626036682,-6.94784414999998,0],[113.626043797,-6.94783271799997,0],[113.626050515,-6.94782104799998,0],[113.626056826,-6.94780915299998,0],[113.626062724,-6.94779704899997,0],[113.626068201,-6.94778474899994,0],[113.626073251,-6.94777226799994,0],[113.626077868,-6.94775962099993,0],[113.626082047,-6.94774682199994,0],[113.626085782,-6.94773388699997,0],[113.626089069,-6.94772083099997,0],[113.626091904,-6.94770766999994,0],[113.626094285,-6.94769441899996,0],[113.626096207,-6.94768109399996,0],[113.626097669,-6.94766771099995,0],[113.626098669,-6.94765428599993,0],[113.626099206,-6.94764083399997,0],[113.626099279,-6.94762737099995,0],[113.626099127,-6.94762211499994,0],[113.626098889,-6.94761391399993,0],[113.626098034,-6.94760047799997,0],[113.626096718,-6.94758707999995,0],[113.62609494,-6.94757373499993,0],[113.626092704,-6.94756045899993,0],[113.626090012,-6.94754726799994,0],[113.626086866,-6.94753417799996,0],[113.626083272,-6.94752120299995,0],[113.626079233,-6.94750835899993,0],[113.626077141,-6.94750241499997,0],[113.626074854,-6.94749654199995,0],[113.626072377,-6.94749074699996,0],[113.62606971,-6.94748503699998,0],[113.626066857,-6.94747941699995,0],[113.626063821,-6.94747389399993,0],[113.626060605,-6.94746847299996,0],[113.626057212,-6.94746316099997,0],[113.626053647,-6.94745796299998,0],[113.626050083,-6.94745276499998,0],[113.62604669,-6.94744745299994,0],[113.626043475,-6.94744203299996,0],[113.626040439,-6.94743650999993,0],[113.626037586,-6.94743088999996,0],[113.626034919,-6.94742517999993,0],[113.626032441,-6.94741938599998,0],[113.626030155,-6.94741351299996,0],[113.626028063,-6.94740756799996,0],[113.626025313,-6.94739881899994,0],[113.626022869,-6.94738997899998,0],[113.626020735,-6.94738105899995,0],[113.626018912,-6.94737207099996,0],[113.626017403,-6.94736302399997,0],[113.626016211,-6.94735393099995,0],[113.626015335,-6.94734480199998,0],[113.626014778,-6.94733564799998,0],[113.62601454,-6.94732647999996,0],[113.626014621,-6.94731730899997,0],[113.626015021,-6.94730814699994,0],[113.62601574,-6.94729900399994,0],[113.626016777,-6.94728989099997,0],[113.626018131,-6.94728081999995,0],[113.626019799,-6.94727180199993,0],[113.626021781,-6.94726284699993,0],[113.626024073,-6.94725396699994,0],[113.626026672,-6.94724517099996,0],[113.626029577,-6.94723647199993,0],[113.626032782,-6.94722787799998,0],[113.626036285,-6.94721940099993,0],[113.626040081,-6.94721105099995,0],[113.626044165,-6.94720283799995,0],[113.626048533,-6.94719477199993,0],[113.626053178,-6.94718686299996,0],[113.626058097,-6.94717911999993,0],[113.626063282,-6.94717155199993,0],[113.626068727,-6.94716416999995,0],[113.626074426,-6.94715698099998,0],[113.626080371,-6.94714999399997,0],[113.626086557,-6.94714321899994,0],[113.626092974,-6.94713666199993,0],[113.626099616,-6.94713033299996,0],[113.626106474,-6.94712423799996,0],[113.626113541,-6.94711838599994,0],[113.626120806,-6.94711278199998,0],[113.626128263,-6.94710743499996,0],[113.626135901,-6.94710234999997,0],[113.626143711,-6.94709753399997,0],[113.626151684,-6.94709299199997,0],[113.626159811,-6.94708872999996,0],[113.626168081,-6.94708475299996,0],[113.626176485,-6.94708106499996,0],[113.626185011,-6.94707767299997,0],[113.626193651,-6.94707457799996,0],[113.626202394,-6.94707178599998,0],[113.626211228,-6.94706929999995,0],[113.626220143,-6.94706712199996,0],[113.626229129,-6.94706525499993,0],[113.626238174,-6.94706370199998,0],[113.626247268,-6.94706246399994,0],[113.6262564,-6.94706154299996,0],[113.626265558,-6.94706093999997,0],[113.626274732,-6.94706065599996,0],[113.62628391,-6.94706069099993,0],[113.626293081,-6.94706104399995,0],[113.626302234,-6.94706171699994,0],[113.626311358,-6.94706270699993,0],[113.626320443,-6.94706401399998,0],[113.626329476,-6.94706563499994,0],[113.626338447,-6.94706756999994,0],[113.626347346,-6.94706981599995,0],[113.626356161,-6.94707236899995,0],[113.626376592,-6.94707828999998,0],[113.626397214,-6.94708350499997,0],[113.626418004,-6.94708800499996,0],[113.626438938,-6.94709178699998,0],[113.626459989,-6.94709484599997,0],[113.626481133,-6.94709717699993,0],[113.626502345,-6.94709877899993,0],[113.6265236,-6.94709964899994,0],[113.626544872,-6.94709978699996,0],[113.626566136,-6.94709919199994,0],[113.626587367,-6.94709786399994,0],[113.62660854,-6.94709580599994,0],[113.626629629,-6.94709301999995,0],[113.626650609,-6.94708950899997,0],[113.626671456,-6.94708527799997,0],[113.626692144,-6.94708033099994,0],[113.62671265,-6.94707467399996,0],[113.626732948,-6.94706831399998,0],[113.626753015,-6.94706125899995,0],[113.626772826,-6.94705351699997,0],[113.626792359,-6.94704509699994,0],[113.626811589,-6.94703600899993,0],[113.626830494,-6.94702626399993,0],[113.626849053,-6.94701587399993,0],[113.626867241,-6.94700484999993,0],[113.626885039,-6.94699320699993,0],[113.626902424,-6.94698095799993,0],[113.626919376,-6.94696811599994,0],[113.626935875,-6.94695469899995,0],[113.626951902,-6.94694072099998,0],[113.626967437,-6.94692619999995,0],[113.626982461,-6.94691115199993,0],[113.626996958,-6.94689559499994,0],[113.627010909,-6.94687954799997,0],[113.627024298,-6.94686302999997,0],[113.62703711,-6.94684606099997,0],[113.627070862,-6.94679797099997,0],[113.627102913,-6.94674873199995,0],[113.627133223,-6.94669840399996,0],[113.627161755,-6.94664704899998,0],[113.627188474,-6.94659472999996,0],[113.627213348,-6.94654150999997,0],[113.627236346,-6.94648745399996,0],[113.627257441,-6.94643262799997,0],[113.627276606,-6.94637709899996,0],[113.627293818,-6.94632093499996,0],[113.627309056,-6.94626420499998,0],[113.627320436,-6.94622171999993,0],[113.627333235,-6.94617963999997,0],[113.627347438,-6.94613801299994,0],[113.627363029,-6.94609688499997,0],[113.627379992,-6.94605630199993,0],[113.627398306,-6.94601630999995,0],[113.627417952,-6.94597695399995,0],[113.627438907,-6.94593827799997,0],[113.627461147,-6.94590032599996,0],[113.627484648,-6.94586313999997,0],[113.627509384,-6.94582676199997,0],[113.627535326,-6.94579123299997,0],[113.627562445,-6.94575659299994,0],[113.62759086,-6.94572270499998,0],[113.627620398,-6.94568978899997,0],[113.627651026,-6.94565788299997,0],[113.627682708,-6.94562702199994,0],[113.627715409,-6.94559724199996,0],[113.627749093,-6.94556857599997,0],[113.62778372,-6.94554105599997,0],[113.627819253,-6.94551471299997,0],[113.627855651,-6.94548957699993,0],[113.627892873,-6.94546567699996,0],[113.627930877,-6.94544303899994,0],[113.627969621,-6.94542168899994,0],[113.62800906,-6.94540164999995,0],[113.62804915,-6.94538294699993,0],[113.628067282,-6.94537448499995,0],[113.628085117,-6.94536541599996,0],[113.628102636,-6.94535574999998,0],[113.628119818,-6.94534549799994,0],[113.628136644,-6.94533467199994,0],[113.628153094,-6.94532328499997,0],[113.62816915,-6.94531134799996,0],[113.628184793,-6.94529887599998,0],[113.628200005,-6.94528588299994,0],[113.628214769,-6.94527238499995,0],[113.628229069,-6.94525839499994,0],[113.628242888,-6.94524393099994,0],[113.628256209,-6.94522900799996,0],[113.628269019,-6.94521364399998,0],[113.628281301,-6.94519785699993,0],[113.628293043,-6.94518166399996,0],[113.628304231,-6.94516508399994,0],[113.628314852,-6.94514813599994,0],[113.628324894,-6.94513083799995,0],[113.628334345,-6.94511321199997,0],[113.628343195,-6.94509527699995,0],[113.628370507,-6.94503495099997,0],[113.628395832,-6.94497376499993,0],[113.628419142,-6.94491178499993,0],[113.628440413,-6.94484907699996,0],[113.628459621,-6.94478570799993,0],[113.628476747,-6.94472174499998,0],[113.628491772,-6.94465725799995,0],[113.62850468,-6.94459231399998,0],[113.628536168,-6.94443456699997,0],[113.628573057,-6.94427799199997,0],[113.628615301,-6.94412277499993,0],[113.628662853,-6.94396909899996,0],[113.628715655,-6.94381714299993,0],[113.628790069,-6.94362470299995,0],[113.628871123,-6.94343495899994,0],[113.628958718,-6.94324814199996,0],[113.629022143,-6.94311418799998,0],[113.6290819,-6.94297856099996,0],[113.629137945,-6.94284136099998,0],[113.629190237,-6.94270268899993,0],[113.629198263,-6.94267926699996,0],[113.629205493,-6.94265558799998,0],[113.629211921,-6.94263167799994,0],[113.629217538,-6.94260756599994,0],[113.629222338,-6.94258327799997,0],[113.629226316,-6.94255884099994,0],[113.629229466,-6.94253428499997,0],[113.629231786,-6.94250963699994,0],[113.629233273,-6.94248492399993,0],[113.629233925,-6.94246017599994,0],[113.629233742,-6.94243541899993,0],[113.629232723,-6.94241068299993,0],[113.62923087,-6.94238599499994,0],[113.629228184,-6.94236138399998,0],[113.62922467,-6.94233687699995,0],[113.62922033,-6.94231250199994,0],[113.629215171,-6.94228828799993,0],[113.629209197,-6.94226426099993,0],[113.629202416,-6.94224044899994,0],[113.629194834,-6.94221687999993,0],[113.629186462,-6.94219357899993,0],[113.629177308,-6.94217057299994,0],[113.629167383,-6.94214788899995,0],[113.629156698,-6.94212555299993,0],[113.629145265,-6.94210358899994,0],[113.629133098,-6.94208202299995,0],[113.629122752,-6.94206366499998,0],[113.629113048,-6.94204495899993,0],[113.629104,-6.94202592799996,0],[113.629095618,-6.94200659499995,0],[113.629087911,-6.94198698299994,0],[113.629080889,-6.94196711599994,0],[113.629074562,-6.94194701699996,0],[113.629068935,-6.94192671199994,0],[113.629064016,-6.94190622299993,0],[113.629059811,-6.94188557699994,0],[113.629056325,-6.94186479699994,0],[113.629053562,-6.94184390899994,0],[113.629051526,-6.94182293799997,0],[113.629050218,-6.94180190899993,0],[113.629049641,-6.94178084699996,0],[113.629049796,-6.94175977799995,0],[113.629050681,-6.94173872699997,0],[113.629052296,-6.94171771899994,0],[113.629054639,-6.94169677999997,0],[113.629057707,-6.94167593499998,0],[113.629061496,-6.94165520799993,0],[113.629066003,-6.94163462499995,0],[113.629071221,-6.94161421099994,0],[113.629077144,-6.94159398999994,0],[113.629083765,-6.94157398599998,0],[113.629091076,-6.94155422399996,0],[113.629099069,-6.94153472599993,0],[113.629107733,-6.94151551799996,0],[113.629116684,-6.94149736299994,0],[113.629126246,-6.94147952199995,0],[113.629136408,-6.94146201499996,0],[113.629147158,-6.94144486199997,0],[113.629158484,-6.94142808399994,0],[113.629170373,-6.94141169899996,0],[113.629182811,-6.94139572699993,0],[113.629195784,-6.94138018499996,0],[113.629209277,-6.94136509099997,0],[113.629223274,-6.94135046399998,0],[113.62923776,-6.94133631899996,0],[113.629252717,-6.94132267299995,0],[113.629268129,-6.94130954199994,0],[113.629283978,-6.94129694099996,0],[113.629300245,-6.94128488399997,0],[113.629316912,-6.94127338499993,0],[113.629333959,-6.94126245699994,0],[113.629351368,-6.94125211399995,0],[113.629369117,-6.94124236599993,0],[113.629387188,-6.94123322499996,0],[113.629405558,-6.94122470199994,0],[113.629424206,-6.94121680699993,0],[113.629443112,-6.94120954699997,0],[113.629462253,-6.94120293299994,0],[113.629481608,-6.94119697099995,0],[113.629501154,-6.94119166799993,0],[113.629520869,-6.94118703099997,0],[113.62954073,-6.94118306399997,0],[113.629560713,-6.94117977299993,0],[113.629580798,-6.94117716099993,0],[113.629600959,-6.94117522999994,0],[113.629628144,-6.94117261399998,0],[113.62965522,-6.94116905099997,0],[113.629682156,-6.94116454599992,0],[113.629708918,-6.94115910399995,0],[113.629735474,-6.94115273099993,0],[113.62976179,-6.94114543599994,0],[113.629787836,-6.94113722799995,0],[113.62981358,-6.94112811599996,0],[113.629838989,-6.94111811199997,0],[113.629864033,-6.94110722699997,0],[113.629888682,-6.94109547599993,0],[113.629912905,-6.94108287199998,0],[113.629936673,-6.94106942999997,0],[113.629959958,-6.94105516799993,0],[113.629982729,-6.94104010199993,0],[113.630004961,-6.94102425099993,0],[113.630026625,-6.94100763399996,0],[113.630047695,-6.94099027199996,0],[113.630068147,-6.94097218499996,0],[113.630087953,-6.94095339599994,0],[113.630107092,-6.94093392699995,0],[113.630125539,-6.94091380299994,0],[113.630143271,-6.94089304699997,0],[113.630160267,-6.94087168599998,0],[113.630176507,-6.94084974499998,0],[113.630191971,-6.94082724999993,0],[113.630279446,-6.94069095899994,0],[113.63036302,-6.94055224499994,0],[113.630442625,-6.94041121999993,0],[113.630518199,-6.94026799699998,0],[113.630627936,-6.94006167499998,0],[113.630744814,-6.93985930599996,0],[113.63086869,-6.93966113799996,0],[113.630973715,-6.93950557899996,0],[113.631140103,-6.93925913099997,0],[113.63142559,-6.93886697999994,0],[113.631442161,-6.93884575199996,0],[113.631459397,-6.93882506099993,0],[113.631477281,-6.93880492499994,0],[113.631495795,-6.93878536699998,0],[113.63151492,-6.93876640399998,0],[113.631534636,-6.93874805699994,0],[113.631554925,-6.93873034399996,0],[113.631575766,-6.93871328199998,0],[113.631597137,-6.93869688799998,0],[113.631611807,-6.93868639299995,0],[113.631626835,-6.93867641699995,0],[113.631642203,-6.93866697199996,0],[113.631657892,-6.93865806999997,0],[113.631673884,-6.93864972199998,0],[113.631690157,-6.93864193799993,0],[113.631706694,-6.93863472699996,0],[113.631714457,-6.93863165999994,0],[113.631723472,-6.93862809799998,0],[113.631740472,-6.93862205999994,0],[113.631757673,-6.93861661999995,0],[113.631775054,-6.93861178399993,0],[113.631792594,-6.93860755899993,0],[113.63181027,-6.93860394899997,0],[113.631828063,-6.93860095899993,0],[113.631845948,-6.93859859199995,0],[113.632130621,-6.93857034799993,0],[113.63241602,-6.93855074899994,0],[113.632701883,-6.93853981599995,0],[113.632987947,-6.93853755699996,0],[113.633435381,-6.93854812099994,0],[113.633882231,-6.93857329499997,0],[113.633962187,-6.93858028499994,0],[113.634041905,-6.93858960599994,0],[113.634121316,-6.93860124899993,0],[113.634200352,-6.93861520599995,0],[113.634278948,-6.93863146299998,0],[113.634320294,-6.93864139499993,0],[113.634361274,-6.93865274099994,0],[113.634401839,-6.93866548899996,0],[113.634441942,-6.93867962199994,0],[113.634481534,-6.93869512499998,0],[113.63452057,-6.93871197899995,0],[113.634559003,-6.93873016399994,0],[113.634596788,-6.93874965899994,0],[113.63463388,-6.93877043999993,0],[113.634670235,-6.93879248299993,0],[113.63470581,-6.93881576199993,0],[113.634740563,-6.93884024899995,0],[113.634774453,-6.93886591599994,0],[113.634807439,-6.93889273199994,0],[113.634839484,-6.93892066499996,0],[113.634890574,-6.93896524399997,0],[113.634943124,-6.93900809499996,0],[113.634997077,-6.93904916799994,0],[113.635052372,-6.93908841799993,0],[113.635108947,-6.93912580199998,0],[113.63516674,-6.93916127799997,0],[113.635225685,-6.93919480699998,0],[113.635285718,-6.93922634999996,0],[113.635346771,-6.93925587299998,0],[113.635408777,-6.93928334299994,0],[113.635471665,-6.93930872899995,0],[113.635535367,-6.93933200299995,0],[113.635662613,-6.93937383999997,0],[113.63579113,-6.93941159499997,0],[113.635920789,-6.93944523199997,0],[113.636051456,-6.93947471499996,0],[113.636182998,-6.93950001399998,0],[113.636218323,-6.93950557899996,0],[113.636368207,-6.93952918999997,0],[113.636554339,-6.93955175499997,0],[113.636741157,-6.93956767999993,0],[113.636928424,-6.93957694499994,0],[113.636992271,-6.93957792499998,0],[113.637056117,-6.93957682799993,0],[113.637119892,-6.93957365299997,0],[113.637183531,-6.93956840499993,0],[113.637246965,-6.93956108899994,0],[113.637310127,-6.93955171299996,0],[113.637372949,-6.93954028599995,0],[113.637435366,-6.93952682199995,0],[113.637519972,-6.93950557899996,0],[113.637539001,-6.93950080099995,0],[113.637641674,-6.93947122199995,0],[113.637743265,-6.93943811799994,0],[113.637843651,-6.93940152899995,0],[113.637942714,-6.93936149899997,0],[113.638040334,-6.93931807499996,0],[113.638078611,-6.93929943899997,0],[113.638116218,-6.93927948999993,0],[113.638153113,-6.93925825199995,0],[113.638189249,-6.93923574899998,0],[113.638224584,-6.93921201099994,0],[113.638259075,-6.93918706399995,0],[113.638292681,-6.93916093799993,0],[113.638325362,-6.93913366599998,0],[113.638357078,-6.93910527999998,0],[113.638387792,-6.93907581299993,0],[113.638417467,-6.93904530099996,0],[113.638446066,-6.93901378099997,0],[113.638473557,-6.93898128999996,0],[113.638499905,-6.93894786799996,0],[113.638525079,-6.93891355499994,0],[113.638549049,-6.93887838999996,0],[113.638571787,-6.93884241799998,0],[113.638593265,-6.93880568099996,0],[113.638606129,-6.93878183699996,0],[113.638618175,-6.93875757099994,0],[113.638629391,-6.93873290999994,0],[113.638639763,-6.93870788399994,0],[113.638649279,-6.93868251999993,0],[113.638657928,-6.93865684799994,0],[113.638665701,-6.93863089699994,0],[113.638672588,-6.93860469799995,0],[113.638678582,-6.93857827999994,0],[113.638683675,-6.93855167499993,0],[113.638687861,-6.93852491199993,0],[113.638691137,-6.93849802299997,0],[113.638693497,-6.93847103799993,0],[113.63869494,-6.93844398799996,0],[113.638695464,-6.93841690499994,0],[113.638695068,-6.93838981999994,0],[113.638693752,-6.93836276399998,0],[113.638691518,-6.93833576799994,0],[113.638688369,-6.93830886399996,0],[113.638684309,-6.93828208199994,0],[113.638679341,-6.93825545199996,0],[113.638673472,-6.93822900699996,0],[113.638666708,-6.93820277599997,0],[113.638661561,-6.93818531599993,0],[113.638655814,-6.93816804399995,0],[113.638649472,-6.93815098099998,0],[113.638642544,-6.93813414699997,0],[113.638635037,-6.93811756299993,0],[113.638626961,-6.93810124799995,0],[113.638618325,-6.93808522099994,0],[113.63860914,-6.93806950299995,0],[113.638599417,-6.93805411199997,0],[113.638589167,-6.93803906499994,0],[113.638578402,-6.93802438199998,0],[113.638567136,-6.93801007999997,0],[113.638555381,-6.93799617499997,0],[113.638543153,-6.93798268499995,0],[113.638530464,-6.93796962499994,0],[113.638517332,-6.93795701099998,0],[113.638503771,-6.93794485899997,0],[113.638489798,-6.93793318299993,0],[113.638475429,-6.93792199599994,0],[113.638460681,-6.93791131299997,0],[113.638445573,-6.93790114499996,0],[113.638430122,-6.93789150599997,0],[113.638414347,-6.93788240599997,0],[113.638398266,-6.93787385699994,0],[113.638381899,-6.93786586799996,0],[113.638365265,-6.93785844999996,0],[113.638348385,-6.93785161099993,0],[113.638331278,-6.93784535899994,0],[113.638313965,-6.93783970199996,0],[113.638296466,-6.93783464599994,0],[113.638278803,-6.93783019799997,0],[113.638260997,-6.93782636299994,0],[113.638243069,-6.93782314599997,0],[113.63822504,-6.93782054999997,0],[113.638206932,-6.93781857799996,0],[113.638188767,-6.93781723299998,0],[113.638164896,-6.93781546999998,0],[113.6381411,-6.93781289199995,0],[113.638117407,-6.93780950099995,0],[113.638093843,-6.93780530199996,0],[113.638070437,-6.93780029999994,0],[113.638047216,-6.93779449999994,0],[113.638024207,-6.93778790899995,0],[113.638001437,-6.93778053499994,0],[113.637978934,-6.93777238599995,0],[113.637956722,-6.93776347299996,0],[113.637934829,-6.93775380499994,0],[113.63791328,-6.93774339499993,0],[113.6378921,-6.93773225299998,0],[113.637871314,-6.93772039299995,0],[113.637850947,-6.93770782999997,0],[113.637831022,-6.93769457699995,0],[113.637811562,-6.93768065099994,0],[113.637792591,-6.93766606699995,0],[113.63777413,-6.93765084299997,0],[113.637756202,-6.93763499599993,0],[113.637738827,-6.93761854599995,0],[113.637722025,-6.93760150999998,0],[113.637705817,-6.93758391099993,0],[113.637690221,-6.93756576699997,0],[113.637675256,-6.93754709999996,0],[113.637660939,-6.93752793299996,0],[113.637647287,-6.93750828699996,0],[113.637634315,-6.93748818599994,0],[113.63762204,-6.93746765299994,0],[113.637610475,-6.93744671199994,0],[113.637599634,-6.93742538699996,0],[113.637550259,-6.93731961799995,0],[113.637504388,-6.93721228499993,0],[113.637462072,-6.93710350299995,0],[113.637423356,-6.93699339099993,0],[113.637388283,-6.93688206599995,0],[113.63735689,-6.93676964999997,0],[113.637340985,-6.93670457599995,0],[113.637334928,-6.93667579199996,0],[113.63732719,-6.93663902199995,0],[113.63731552,-6.93657305799996,0],[113.637305987,-6.93650675099997,0],[113.637298602,-6.93644017199995,0],[113.637293371,-6.93637338899993,0],[113.6372903,-6.93630647199996,0],[113.637289393,-6.93623949099998,0],[113.637291845,-6.93611505799993,0],[113.637298547,-6.93599078199998,0],[113.637309491,-6.93586680699997,0],[113.637324665,-6.93574327799996,0],[113.637344051,-6.93562033899997,0],[113.637367626,-6.93549813199996,0],[113.637389735,-6.93540077699993,0],[113.637414882,-6.93530416099998,0],[113.637443042,-6.93520837799997,0],[113.637474187,-6.93511352299993,0],[113.637508287,-6.93501968799995,0],[113.637545309,-6.93492696499993,0],[113.637585215,-6.93483544599997,0],[113.637608399,-6.93478672499998,0],[113.637633254,-6.93473883399997,0],[113.63765975,-6.93469182999996,0],[113.637687857,-6.93464576999997,0],[113.637717539,-6.93460070799995,0],[113.637748763,-6.93455669799994,0],[113.637781491,-6.93451379299995,0],[113.637815683,-6.93447204399996,0],[113.637851298,-6.93443150099995,0],[113.637888295,-6.93439221199998,0],[113.637926629,-6.93435422399995,0],[113.637966254,-6.93431758399993,0],[113.638007122,-6.93428233399993,0],[113.638049185,-6.93424851599997,0],[113.638081643,-6.93422242299994,0],[113.63811318,-6.93419522699998,0],[113.638143759,-6.93416695899998,0],[113.638173345,-6.93413765399993,0],[113.638201901,-6.93410734699995,0],[113.638229393,-6.93407607299997,0],[113.63825579,-6.93404386999993,0],[113.638281059,-6.93401077599998,0],[113.638305171,-6.93397683099994,0],[113.638328096,-6.93394207499995,0],[113.638349807,-6.93390654899997,0],[113.638370279,-6.93387029499996,0],[113.638389488,-6.93383335799996,0],[113.638407409,-6.93379577999997,0],[113.638424023,-6.93375760699996,0],[113.638439308,-6.93371888399997,0],[113.638458892,-6.93366379999998,0],[113.63847658,-6.93360807999994,0],[113.638492351,-6.93355178799993,0],[113.638506186,-6.93349498999993,0],[113.63851807,-6.93343775299996,0],[113.638520922,-6.93342118999993,0],[113.638527989,-6.93338014299997,0],[113.638535931,-6.93332222799995,0],[113.638541886,-6.93326407499995,0],[113.638545849,-6.93320575299998,0],[113.638547813,-6.93314732899995,0],[113.638550976,-6.93304999899993,0],[113.638557247,-6.93295281899998,0],[113.638561541,-6.93290841499993,0],[113.63856662,-6.93285588899994,0],[113.638579086,-6.93275930699997,0],[113.638594632,-6.93266317199993,0],[113.638613242,-6.93256758199993,0],[113.638634897,-6.93247263499995,0],[113.638659575,-6.93237842699995,0],[113.638677185,-6.93231912999994,0],[113.638696745,-6.93226044699998,0],[113.638718232,-6.93220243999997,0],[113.638741624,-6.93214517399997,0],[113.638766894,-6.93208870999996,0],[113.638794016,-6.93203311099995,0],[113.63882296,-6.93197843699994,0],[113.638853694,-6.93192474699993,0],[113.638886184,-6.93187209999996,0],[113.638920396,-6.93182055399996,0],[113.638956292,-6.93177016399994,0],[113.638993832,-6.93172098499997,0],[113.639029927,-6.93167363599997,0],[113.639064373,-6.93162507699998,0],[113.63909713,-6.93157536399997,0],[113.639128159,-6.93152455699993,0],[113.639157425,-6.93147271399994,0],[113.639184891,-6.93141989899993,0],[113.639210527,-6.93136617199997,0],[113.639234302,-6.93131159699993,0],[113.639256187,-6.93125623799995,0],[113.639276157,-6.93120016099994,0],[113.639294188,-6.93114343199994,0],[113.63931026,-6.93108611799994,0],[113.639314548,-6.93106852599993,0],[113.639318232,-6.93105079899993,0],[113.639321308,-6.93103295599997,0],[113.639323773,-6.93101501899997,0],[113.639325622,-6.93099700799996,0],[113.639326855,-6.93097894399995,0],[113.639327469,-6.93096084899997,0],[113.639327464,-6.93094274299995,0],[113.63932684,-6.93092464799997,0],[113.639325598,-6.93090658499995,0],[113.639323739,-6.93088857499993,0],[113.639321265,-6.93087063899998,0],[113.63931818,-6.93085279699994,0],[113.639314486,-6.93083507199998,0],[113.639310188,-6.93081748299994,0],[113.639305292,-6.93080005099995,0],[113.639299802,-6.93078279599996,0],[113.639293726,-6.93076573899998,0],[113.63928707,-6.93074889899998,0],[113.639279842,-6.93073229699996,0],[113.639272051,-6.93071595099997,0],[113.639263705,-6.93069987999996,0],[113.639254815,-6.93068410399997,0],[113.63924539,-6.93066863999996,0],[113.639235443,-6.93065350699993,0],[113.639224983,-6.93063872299996,0],[113.639214025,-6.93062430399993,0],[113.639202579,-6.93061026799995,0],[113.639190661,-6.93059663099996,0],[113.639178283,-6.93058340899995,0],[113.639165461,-6.93057061699994,0],[113.639152208,-6.93055827099994,0],[113.639138541,-6.93054638399997,0],[113.639124476,-6.93053496999994,0],[113.639110029,-6.93052404399998,0],[113.639095216,-6.93051361699997,0],[113.639080056,-6.93050370199995,0],[113.639064566,-6.93049430999997,0],[113.639048763,-6.93048545299996,0],[113.639032667,-6.93047713999994,0],[113.639016296,-6.93046938199996,0],[113.639000691,-6.93046198299993,0],[113.638985352,-6.93045404799994,0],[113.638970296,-6.93044558799994,0],[113.638955542,-6.93043661299993,0],[113.638941108,-6.93042713299997,0],[113.638927011,-6.93041715999993,0],[113.638913267,-6.93040670499994,0],[113.638899894,-6.93039578199995,0],[113.638886907,-6.93038440199996,0],[113.638874321,-6.93037258099997,0],[113.638862153,-6.93036033099997,0],[113.638850415,-6.93034766899996,0],[113.638839124,-6.93033460799995,0],[113.638828291,-6.93032116399996,0],[113.63881793,-6.93030735399998,0],[113.638808053,-6.93029319399994,0],[113.638802857,-6.93028516599998,0],[113.638798672,-6.93027870099996,0],[113.638789799,-6.93026389199997,0],[113.638781444,-6.93024878599994,0],[113.638773616,-6.93023339999996,0],[113.638766326,-6.93021775199998,0],[113.638759583,-6.93020186199993,0],[113.638753393,-6.93018574799993,0],[113.638747765,-6.93016942999998,0],[113.638742705,-6.93015292699994,0],[113.638738219,-6.93013625899994,0],[113.638734314,-6.93011944499995,0],[113.638730992,-6.93010250699996,0],[113.63872826,-6.93008546399994,0],[113.638726118,-6.93006833699997,0],[113.638724571,-6.93005114699997,0],[113.63872362,-6.93003391299993,0],[113.638723267,-6.93001665599996,0],[113.63872351,-6.92999939699996,0],[113.638724352,-6.92998215799997,0],[113.638725789,-6.92996495699998,0],[113.638727821,-6.92994781699997,0],[113.638730446,-6.92993075699997,0],[113.638733659,-6.92991379799997,0],[113.638737458,-6.92989696099994,0],[113.638741837,-6.92988026399996,0],[113.638746792,-6.92986372899998,0],[113.63875312,-6.92984498699997,0],[113.63876009,-6.92982647199995,0],[113.638767693,-6.92980820799994,0],[113.63877592,-6.92979021599996,0],[113.63878476,-6.92977251799994,0],[113.638794205,-6.92975513299996,0],[113.638804242,-6.92973808299996,0],[113.638814859,-6.92972138799996,0],[113.638826045,-6.92970506799998,0],[113.638837785,-6.92968914199997,0],[113.638850067,-6.92967362799993,0],[113.638862875,-6.92965854499994,0],[113.638876194,-6.92964391199996,0],[113.638890009,-6.92962974399995,0],[113.638904302,-6.92961605999994,0],[113.638919059,-6.92960287399995,0],[113.63893426,-6.92959020399996,0],[113.638949888,-6.92957806299995,0],[113.638965925,-6.92956646599993,0],[113.638982351,-6.92955542699997,0],[113.638999147,-6.92954495899994,0],[113.639016293,-6.92953507399994,0],[113.63903377,-6.92952578399996,0],[113.639051555,-6.92951709999994,0],[113.639069629,-6.92950903099995,0],[113.63908797,-6.92950158899993,0],[113.639106555,-6.92949478099996,0],[113.639125365,-6.92948861599996,0],[113.639144375,-6.92948309999997,0],[113.639163563,-6.92947824099997,0],[113.639182908,-6.92947404299997,0],[113.639202385,-6.92947051299996,0],[113.639233086,-6.92946494999995,0],[113.639263579,-6.92945833599993,0],[113.639293826,-6.92945067999995,0],[113.639323792,-6.92944199199997,0],[113.639353442,-6.92943227999996,0],[113.639382741,-6.92942155699996,0],[113.639411654,-6.92940983599993,0],[113.639440148,-6.92939712899994,0],[113.639468188,-6.92938345299996,0],[113.639495742,-6.92936882199996,0],[113.639522777,-6.92935325599996,0],[113.639549262,-6.92933676999996,0],[113.639575164,-6.92931938699996,0],[113.639600455,-6.92930112399995,0],[113.639625102,-6.92928200599994,0],[113.639649079,-6.92926205199996,0],[113.639672356,-6.92924128799996,0],[113.639694906,-6.92921973799997,0],[113.639716703,-6.92919742699996,0],[113.63973772,-6.92917438199993,0],[113.639757933,-6.92915062899993,0],[113.639777318,-6.92912619699996,0],[113.639795853,-6.92910111399993,0],[113.639813515,-6.92907540999994,0],[113.639830283,-6.92904911599993,0],[113.639846636,-6.92902143199996,0],[113.639862041,-6.92899320999993,0],[113.639876479,-6.92896448299996,0],[113.639889934,-6.92893528299993,0],[113.639898772,-6.92891425199997,0],[113.63990239,-6.92890564399994,0],[113.639913834,-6.92887559899998,0],[113.639924252,-6.92884518499994,0],[113.639933632,-6.92881443499994,0],[113.639941964,-6.92878338499997,0],[113.639949237,-6.92875206999997,0],[113.639955444,-6.92872052699994,0],[113.639960577,-6.92868879199995,0],[113.63996463,-6.92865690099995,0],[113.639967599,-6.92862489199996,0],[113.63996948,-6.92859279999993,0],[113.639970272,-6.92856066199994,0],[113.639969972,-6.92852851699996,0],[113.639968582,-6.92849639999997,0],[113.639966104,-6.92846434899997,0],[113.639962539,-6.92843239999996,0],[113.639957892,-6.92840058999997,0],[113.639952169,-6.92836895599993,0],[113.639945376,-6.92833753399998,0],[113.639937521,-6.92830635999997,0],[113.639928613,-6.92827546999996,0],[113.639918661,-6.92824489999998,0],[113.639907679,-6.92821468399995,0],[113.639907384,-6.92821386999998,0],[113.639902547,-6.92820054599997,0],[113.639897911,-6.92818623699998,0],[113.639893776,-6.92817177599994,0],[113.639890148,-6.92815717999997,0],[113.639887031,-6.92814246599994,0],[113.639884428,-6.92812765299993,0],[113.639882343,-6.92811275899993,0],[113.639880778,-6.92809779999993,0],[113.639879736,-6.92808279699995,0],[113.639879217,-6.92806776599997,0],[113.639879222,-6.92805272599998,0],[113.639879751,-6.92803769599993,0],[113.639880803,-6.92802269299995,0],[113.639882378,-6.92800773599993,0],[113.639884472,-6.92799284199998,0],[113.639887085,-6.92797803099995,0],[113.639890212,-6.92796331899996,0],[113.639893849,-6.92794872599995,0],[113.639897993,-6.92793426699996,0],[113.639902639,-6.92791996199998,0],[113.63990778,-6.92790582699996,0],[113.63991341,-6.92789187899996,0],[113.639919523,-6.92787813599995,0],[113.639926111,-6.92786461399993,0],[113.639933166,-6.92785132899996,0],[113.63994068,-6.92783829699994,0],[113.639948644,-6.92782553599994,0],[113.639957047,-6.92781305799997,0],[113.63996588,-6.92780088099994,0],[113.639975132,-6.92778901899993,0],[113.639984792,-6.92777748599997,0],[113.639994847,-6.92776629599996,0],[113.640005287,-6.92775546199994,0],[113.640016098,-6.92774499799998,0],[113.640027266,-6.92773491699995,0],[113.64003878,-6.92772523099995,0],[113.640050623,-6.92771595099993,0],[113.640062783,-6.92770708899997,0],[113.640075245,-6.92769865499997,0],[113.640087992,-6.92769065999994,0],[113.640101011,-6.92768311299994,0],[113.640149549,-6.92765709299994,0],[113.640198888,-6.92763262299997,0],[113.640248978,-6.92760972799994,0],[113.640299769,-6.92758843099995,0],[113.640351209,-6.92756875199996,0],[113.640403248,-6.92755071299996,0],[113.640455834,-6.92753433099995,0],[113.640508912,-6.92751962299997,0],[113.64057486,-6.92750344099994,0],[113.640752189,-6.92745992899995,0],[113.640997031,-6.92740700599995,0],[113.641096004,-6.92738846999993,0],[113.641243249,-6.92736089399995,0],[113.641490652,-6.92732162899995,0],[113.641584781,-6.92730958599998,0],[113.641679254,-6.92730061599997,0],[113.641773969,-6.92729472699995,0],[113.641868825,-6.92729192599995,0],[113.641963723,-6.92729221599996,0],[113.64205856,-6.92729559599996,0],[113.642153237,-6.92730206199997,0],[113.642247653,-6.92731160899996,0],[113.642341707,-6.92732422599994,0],[113.6424353,-6.92733989799996,0],[113.642528332,-6.92735861099993,0],[113.642546147,-6.92736217499993,0],[113.642564076,-6.92736511799995,0],[113.642582095,-6.92736743699993,0],[113.642600185,-6.92736912899994,0],[113.642609643,-6.92736968299994,0],[113.642618322,-6.92737019199996,0],[113.642636485,-6.92737062499998,0],[113.642654653,-6.92737042799996,0],[113.642672802,-6.92736959999996,0],[113.642690912,-6.92736814299997,0],[113.64270896,-6.92736605799996,0],[113.642726925,-6.92736334699993,0],[113.642744785,-6.92736001499998,0],[113.642762519,-6.92735606499997,0],[113.642780104,-6.92735150199996,0],[113.64279752,-6.92734633199996,0],[113.642814746,-6.92734055999995,0],[113.642831761,-6.92733419299998,0],[113.642848544,-6.92732723999995,0],[113.642865076,-6.92731970899996,0],[113.642881335,-6.92731160799997,0],[113.642897304,-6.92730294799998,0],[113.642912962,-6.92729373899994,0],[113.64292829,-6.92728399199996,0],[113.64294327,-6.92727371899997,0],[113.642957884,-6.92726293199996,0],[113.642975216,-6.92724917899994,0],[113.642982167,-6.92724325399996,0],[113.642992053,-6.92723482699995,0],[113.643008376,-6.92721989199993,0],[113.643024164,-6.92720439499993,0],[113.643039398,-6.92718835299996,0],[113.643054059,-6.92717178599997,0],[113.643068129,-6.92715471499997,0],[113.64308159,-6.92713716099996,0],[113.643094426,-6.92711914599994,0],[113.643106622,-6.92710069099996,0],[113.643290151,-6.92680410199995,0],[113.643466353,-6.92650310799996,0],[113.643635121,-6.92619788999997,0],[113.643682797,-6.92610552499997,0],[113.643687474,-6.92609646399995,0],[113.643736484,-6.92599338399998,0],[113.643782098,-6.92588875899997,0],[113.643824268,-6.92578270099995,0],[113.643862948,-6.92567532299995,0],[113.643898097,-6.92556673899998,0],[113.643912765,-6.92552161399993,0],[113.643929009,-6.92547703199995,0],[113.643946809,-6.92543304599997,0],[113.643966143,-6.92538971199997,0],[113.643986987,-6.92534708299996,0],[113.643995494,-6.92533113099995,0],[113.644009316,-6.92530521099997,0],[113.644033101,-6.92526414799994,0],[113.644034149,-6.92526247699993,0],[113.644058314,-6.92522394499997,0],[113.644084923,-6.92518465099994,0],[113.644091603,-6.92517549299993,0],[113.644098596,-6.92516657099998,0],[113.644105894,-6.92515789699996,0],[113.644113489,-6.92514948099995,0],[113.644121371,-6.92514133299994,0],[113.644129531,-6.92513346299995,0],[113.644137959,-6.92512588099993,0],[113.644146645,-6.92511859399997,0],[113.644155578,-6.92511161299996,0],[113.644164748,-6.92510494599998,0],[113.644174144,-6.92509859999996,0],[113.644183754,-6.92509258299998,0],[113.644193568,-6.92508690299996,0],[113.644203572,-6.92508156599996,0],[113.644213755,-6.92507657899995,0],[113.644224106,-6.92507194699994,0],[113.64423461,-6.92506767699996,0],[113.644245257,-6.92506377299998,0],[113.644256032,-6.92506023999994,0],[113.644266923,-6.92505708299996,0],[113.644277918,-6.92505430399996,0],[113.644289002,-6.92505190799994,0],[113.644300163,-6.92504989699995,0],[113.644311386,-6.92504827399995,0],[113.64432266,-6.92504704099997,0],[113.644333969,-6.92504619899995,0],[113.6443453,-6.92504574899993,0],[113.644356641,-6.92504569199997,0],[113.644367976,-6.92504602699995,0],[113.644379294,-6.92504675499993,0],[113.644390579,-6.92504787499996,0],[113.644401818,-6.92504938399998,0],[113.644412999,-6.92505128199997,0],[113.644424106,-6.92505356599997,0],[113.644435128,-6.92505623399995,0],[113.644446051,-6.92505928099996,0],[113.644456862,-6.92506270499996,0],[113.644467547,-6.92506650099995,0],[113.644478094,-6.92507066599995,0],[113.644488491,-6.92507519199995,0],[113.644498724,-6.92508007699996,0],[113.644508782,-6.92508531199996,0],[113.644518652,-6.92509089299995,0],[113.644528323,-6.92509681199994,0],[113.644537782,-6.92510306299994,0],[113.644547019,-6.92510963799998,0],[113.644556023,-6.92511652799993,0],[113.644564782,-6.92512372599998,0],[113.644573286,-6.92513122399993,0],[113.644581525,-6.92513901099994,0],[113.644589489,-6.92514707899994,0],[113.644605936,-6.92516374899998,0],[113.644622942,-6.92517984899996,0],[113.644640489,-6.92519535899993,0],[113.644658554,-6.92521026299994,0],[113.644677118,-6.92522454099998,0],[113.644696159,-6.92523817799997,0],[113.644715655,-6.92525115799998,0],[113.644735582,-6.92526346599993,0],[113.644755918,-6.92527508699993,0],[113.644776639,-6.92528600799994,0],[113.64479772,-6.92529621599994,0],[113.644819138,-6.92530569899998,0],[113.644840868,-6.92531444699995,0],[113.644862883,-6.92532244799997,0],[113.644885159,-6.92532969399997,0],[113.644890143,-6.92533112899997,0],[113.644907669,-6.92533617599997,0],[113.644930388,-6.92534188699995,0],[113.644953288,-6.92534681999996,0],[113.644976343,-6.92535096899996,0],[113.644999527,-6.92535432999995,0],[113.645022812,-6.92535689799996,0],[113.64504617,-6.92535867099997,0],[113.645069576,-6.92535964599995,0],[113.645074485,-6.92535968299995,0],[113.645093002,-6.92535982299995,0],[113.645098261,-6.92535968299995,0],[113.64511642,-6.92535919999995,0],[113.645139803,-6.92535777999996,0],[113.645163124,-6.92535556299993,0],[113.645186356,-6.92535255199994,0],[113.645209471,-6.92534875099994,0],[113.645232443,-6.92534416399997,0],[113.645255245,-6.92533879599995,0],[113.64527785,-6.92533265399993,0],[113.645282787,-6.92533112999996,0],[113.645300233,-6.92532574399996,0],[113.645359027,-6.92530545199998,0],[113.645417147,-6.92528330399995,0],[113.645474534,-6.92525932299998,0],[113.64553113,-6.92523353399997,0],[113.645586877,-6.92520596099996,0],[113.645641721,-6.92517663299998,0],[113.645695605,-6.92514557999993,0],[113.645710092,-6.92513658399997,0],[113.645724266,-6.92512710099993,0],[113.645738109,-6.92511714199998,0],[113.645751605,-6.92510671899993,0],[113.645755498,-6.92510349499997,0],[113.645764739,-6.92509584399994,0],[113.645777495,-6.92508452799996,0],[113.645789859,-6.92507278699998,0],[113.645801817,-6.92506063099995,0],[113.645813354,-6.92504807699993,0],[113.645824458,-6.92503513899993,0],[113.645835115,-6.92502182999993,0],[113.645845314,-6.92500816799998,0],[113.645855042,-6.92499416699997,0],[113.645859473,-6.92498729999994,0],[113.645863666,-6.92498028699993,0],[113.645867616,-6.92497313299998,0],[113.645871319,-6.92496584899993,0],[113.645874769,-6.92495844199993,0],[113.645877963,-6.92495092099995,0],[113.645880898,-6.92494329599998,0],[113.64588357,-6.92493557399996,0],[113.645885975,-6.92492776499995,0],[113.645888111,-6.92491987899996,0],[113.645889975,-6.92491192399996,0],[113.645891565,-6.92490390999995,0],[113.64589288,-6.92489584599997,0],[113.645893917,-6.92488774199995,0],[113.645894676,-6.92487960699998,0],[113.645895034,-6.92487352099994,0],[113.646233499,-6.92522455899996,0],[113.646353587,-6.92533112999996,0],[113.646385762,-6.92535968299995,0]]]]}},{"type":"Feature","properties":{"fid":82644,"ori_name":"Lebeng Timur","kode_kec":"35.29.13","kode_kd":"35.29.13.2005","kode_kk":"35.29","kode_prov":"35","tipe_kd":1,"kecamatan":"Pasongsongan","kel_desa":"Lebeng Timur","kab_kota":"Sumenep","provinsi":"Jawa Timur","jenis_kd":"Desa","nama":"Desa Lebeng Timur","label":"Desa Lebeng Timur, Kecamatan Pasongsongan, Kabupaten Sumenep, Provinsi Jawa Timur, 35.29.13.2005"},"geometry":{"type":"MultiPolygon","coordinates":[[[[113.668992803,-6.93329748699995,0],[113.66962528,-6.93363123299997,0],[113.670077088,-6.93387604599997,0],[113.670506126,-6.93407601799993,0],[113.670889859,-6.93423126199997,0],[113.671273476,-6.93436402799995,0],[113.671678974,-6.93438422499997,0],[113.672264511,-6.93438092899993,0],[113.672877766,-6.93425606299996,0],[113.673012045,-6.93412488399997,0],[113.673177143,-6.93397931899995,0],[113.673579528,-6.93383121299996,0],[113.673920215,-6.93377557399998,0],[113.674241033,-6.93382116399994,0],[113.67440366,-6.93391254499994,0],[113.674598149,-6.93406853599993,0],[113.674672064,-6.93410540099995,0],[113.675161421,-6.93414066799994,0],[113.675372151,-6.93413817999993,0],[113.675606265,-6.93413540599994,0],[113.675938728,-6.93416456199998,0],[113.676841092,-6.93420509799995,0],[113.676922903,-6.93420833199997,0],[113.677396166,-6.93427948999994,0],[113.677489912,-6.93430002299993,0],[113.677945523,-6.93442248799994,0],[113.678864497,-6.93465952099996,0],[113.679330132,-6.93471715399994,0],[113.679802506,-6.93477502099995,0],[113.680716066,-6.93511006099993,0],[113.682016713,-6.93527884899993,0],[113.682395707,-6.93533584799997,0],[113.682822305,-6.93548002099993,0],[113.682950899,-6.93554786199996,0],[113.683066884,-6.93563269799995,0],[113.683108292,-6.93569823999997,0],[113.683171405,-6.93562213099995,0],[113.683213477,-6.93558303799995,0],[113.684407158,-6.93545344699993,0],[113.684494105,-6.93547752399996,0],[113.6849211,-6.93542971999995,0],[113.685911744,-6.93537912999994,0],[113.687127463,-6.93530478999998,0],[113.688388352,-6.93525267599995,0],[113.68915379,-6.93520336399996,0],[113.689806876,-6.93519966199995,0],[113.690415185,-6.93524118899995,0],[113.691023741,-6.93532768399996,0],[113.691610036,-6.93545927999998,0],[113.692016552,-6.93565934699996,0],[113.692762539,-6.93614981899998,0],[113.693463349,-6.93661805699998,0],[113.694097116,-6.93717661999995,0],[113.694482268,-6.93757919099994,0],[113.694687507,-6.93802775799998,0],[113.695005736,-6.93854313799994,0],[113.695460496,-6.93930508599993,0],[113.695868424,-6.93975249999994,0],[113.696317996,-6.94018896799997,0],[113.696217948,-6.94025407899994,0],[113.695753858,-6.94030152299996,0],[113.695248223,-6.94032531899995,0],[113.694879405,-6.94035506099993,0],[113.694647409,-6.94036695799997,0],[113.694516539,-6.94036695799997,0],[113.694248889,-6.94039972199994,0],[113.693636138,-6.94054541799994,0],[113.69283307,-6.94089043999998,0],[113.692541585,-6.94105105399996,0],[113.692256051,-6.94121761499997,0],[113.691974459,-6.94139146599997,0],[113.691456736,-6.94143937899997,0],[113.690804537,-6.94160049299995,0],[113.690265703,-6.94189587299996,0],[113.689614643,-6.94225935599997,0],[113.688866179,-6.94267204699997,0],[113.688834173,-6.94271310999994,0],[113.688657056,-6.94292128899997,0],[113.688546208,-6.94302144299996,0],[113.68834427,-6.94313778299994,0],[113.688276936,-6.94313607699996,0],[113.688247847,-6.94324942099996,0],[113.688103314,-6.94358383099996,0],[113.687925188,-6.94401233499997,0],[113.687734444,-6.94494722199994,0],[113.687652032,-6.94533019599993,0],[113.687499746,-6.94572994599997,0],[113.686833497,-6.94737653299995,0],[113.686361059,-6.94864096999993,0],[113.686366798,-6.94914132099996,0],[113.686381723,-6.94926884199998,0],[113.686452612,-6.94985309399993,0],[113.686486046,-6.95005907699993,0],[113.686544826,-6.95042120699998,0],[113.686663366,-6.95053407799998,0],[113.686835876,-6.95065899899993,0],[113.687079771,-6.95073633199996,0],[113.687270128,-6.95083150999994,0],[113.687287974,-6.95106350799995,0],[113.687311769,-6.95117058399995,0],[113.687454536,-6.95120627499995,0],[113.687757918,-6.95120627499995,0],[113.687906634,-6.95128360799993,0],[113.688085094,-6.95140852999998,0],[113.688281944,-6.95151388899995,0],[113.688560986,-6.95194985699993,0],[113.688935751,-6.95218780399995,0],[113.689048775,-6.95233057099995,0],[113.689048775,-6.95245549199996,0],[113.689078517,-6.95258636299997,0],[113.6891618,-6.95269343899997,0],[113.689233183,-6.95277077099996,0],[113.689256978,-6.95295517899996,0],[113.689251029,-6.95308604999997,0],[113.689143954,-6.95325261299996,0],[113.688834624,-6.95355004499993,0],[113.688709702,-6.95366306899996,0],[113.688644267,-6.95381773399993,0],[113.688590729,-6.95399024599993,0],[113.688566934,-6.95411516799993,0],[113.688549087,-6.95451967599996,0],[113.688555036,-6.95462080299995,0],[113.688578832,-6.95476356999995,0],[113.68854314,-6.95493013199996,0],[113.688376577,-6.95514428299998,0],[113.688241944,-6.95527305699994,0],[113.688156477,-6.95549525499996,0],[113.688126733,-6.95572725099993,0],[113.688126733,-6.95593545399993,0],[113.688073196,-6.95609011899995,0],[113.688019657,-6.95623883499997,0],[113.688056699,-6.95643109599996,0],[113.688056699,-6.95652032599997,0],[113.688104288,-6.95662740099993,0],[113.688116185,-6.95674042599995,0],[113.688098339,-6.95686534799995,0],[113.688110236,-6.95695457699998,0],[113.688128082,-6.95703785799998,0],[113.688086442,-6.95725200999993,0],[113.688134031,-6.95738882899997,0],[113.688157826,-6.95751969999998,0],[113.688128082,-6.95766841599993,0],[113.688080493,-6.95788256699996,0],[113.687925828,-6.95824543499998,0],[113.687884188,-6.95836440899996,0],[113.687884188,-6.95846553599995,0],[113.68791393,-6.95859640499998,0],[113.687985315,-6.95895332499992,0],[113.687991263,-6.95909609299997,0],[113.68796152,-6.95921506599996,0],[113.687943674,-6.95931024399994,0],[113.687890136,-6.95942326899996,0],[113.687854444,-6.95951249799998,0],[113.687818753,-6.95968500899994,0],[113.687812804,-6.95976828999994,0],[113.687824701,-6.95988131399997,0],[113.687783061,-6.95998838999998,0],[113.687765215,-6.96010736299996,0],[113.687759266,-6.96024418199994,0],[113.687794958,-6.96033341199995,0],[113.68783065,-6.96042264199997,0],[113.68787229,-6.96048807799997,0],[113.687955572,-6.96053566599994,0],[113.688073355,-6.96057492699993,0],[113.688173292,-6.96064631099995,0],[113.688208984,-6.96072483299997,0],[113.688233968,-6.96079978599994,0],[113.688233968,-6.96086760099996,0],[113.688258953,-6.96091399999995,0],[113.688394582,-6.96102821499994,0],[113.688605164,-6.96116027499994,0],[113.688751501,-6.96124593399998,0],[113.688620274,-6.96130435099997,0],[113.68859172,-6.96158988599996,0],[113.688684519,-6.96173265399995,0],[113.688684519,-6.96206815899995,0],[113.688613136,-6.96269633599996,0],[113.688484645,-6.96319602299997,0],[113.68828596,-6.96346252099994,0],[113.68788621,-6.96372902199994,0],[113.687473889,-6.96369916599997,0],[113.686591783,-6.96351962799997,0],[113.685830356,-6.96328168299993,0],[113.685062222,-6.96318860999997,0],[113.684507376,-6.96326264699996,0],[113.684345572,-6.96340541399996,0],[113.684021966,-6.96408118199997,0],[113.683929806,-6.96446916799994,0],[113.683970807,-6.96504248499997,0],[113.683893475,-6.96595857699998,0],[113.68378045,-6.96679138799993,0],[113.683756656,-6.96732081799996,0],[113.683627275,-6.96754985599995,0],[113.683386254,-6.96762656099997,0],[113.682576101,-6.96774359199998,0],[113.681472642,-6.96777234999996,0],[113.680480777,-6.96762056699993,0],[113.679488401,-6.96737884599997,0],[113.67939034,-6.96736128899994,0],[113.678943006,-6.96757066099997,0],[113.678762167,-6.96771342999995,0],[113.678590846,-6.96791330399998,0],[113.67843856,-6.96817028599997,0],[113.678359444,-6.96852222099994,0],[113.6780864,-6.96900785499997,0],[113.677896043,-6.96946471399997,0],[113.677800865,-6.96967410499997,0],[113.677458222,-6.96998819499993,0],[113.677096544,-6.97017854999996,0],[113.676544509,-6.97043553399993,0],[113.676325598,-6.97055926499996,0],[113.676083611,-6.97067666699996,0],[113.675718836,-6.97061399099994,0],[113.675468993,-6.97057116199994,0],[113.675204873,-6.97044267099994,0],[113.674983582,-6.97040697799997,0],[113.674847954,-6.97042839399995,0],[113.674612387,-6.97051405399998,0],[113.674448203,-6.97048550199997,0],[113.674383959,-6.97029276399996,0],[113.6741127,-6.97015713599995,0],[113.673727228,-6.97019996599994,0],[113.673584459,-6.97029990199997,0],[113.673435744,-6.97035106199996,0],[113.673072876,-6.97030347399993,0],[113.672596984,-6.97029752499998,0],[113.672357222,-6.97030916699993,0],[113.672192475,-6.97013096199993,0],[113.672132989,-6.97008932199998,0],[113.671942632,-6.97005362799996,0],[113.671889094,-6.96989301699995,0],[113.671835556,-6.96985137399997,0],[113.671609507,-6.96982163199993,0],[113.671329921,-6.96977999199993,0],[113.671139563,-6.96961342899993,0],[113.670734096,-6.96958597599996,0],[113.670670098,-6.96966000399993,0],[113.670520444,-6.96971414699993,0],[113.670313216,-6.96979343699996,0],[113.670317014,-6.96993231299996,0],[113.670291823,-6.97018537499997,0],[113.670190153,-6.97033044999995,0],[113.669967702,-6.97052272999997,0],[113.669864092,-6.97051354799993,0],[113.66933211,-6.97033825799997,0],[113.669242565,-6.97038027699995,0],[113.669147341,-6.97049134899993,0],[113.669091642,-6.97069598399997,0],[113.668954552,-6.97107972199996,0],[113.668833146,-6.97117004899997,0],[113.668698176,-6.97119353199997,0],[113.668024074,-6.97125477499998,0],[113.667876864,-6.97137166299996,0],[113.667421566,-6.97178945799993,0],[113.667293234,-6.97189932499998,0],[113.667041553,-6.97224539499996,0],[113.666807601,-6.97269610599994,0],[113.666722662,-6.97246224099996,0],[113.666671504,-6.97222072599993,0],[113.66664652,-6.97209223399994,0],[113.666629863,-6.97203512699997,0],[113.6666025,-6.97198753899994,0],[113.666544596,-6.97192022299993,0],[113.666349087,-6.97174007399997,0],[113.666158729,-6.97152116499996,0],[113.665787961,-6.97113296399993,0],[113.665480584,-6.97083111999996,0],[113.665302124,-6.97066217799994,0],[113.665116526,-6.97049085699996,0],[113.664906084,-6.97032712199996,0],[113.664742336,-6.97021748499998,0],[113.664518667,-6.97008518599995,0],[113.663975198,-6.96971684699997,0],[113.663541184,-6.96941798699993,0],[113.663414424,-6.96933182299995,0],[113.663203012,-6.96967441499993,0],[113.662917477,-6.96992068999998,0],[113.662731879,-6.97015625499995,0],[113.662567696,-6.97048105199997,0],[113.662821108,-6.97057028299997,0],[113.662803263,-6.97074873999998,0],[113.662731879,-6.97088793999995,0],[113.662560558,-6.97097360099997,0],[113.662432067,-6.97119845899994,0],[113.66223933,-6.97147328599993,0],[113.661860996,-6.97121630499993,0],[113.661222111,-6.97077015599996,0],[113.660973457,-6.97035018299994,0],[113.66064985,-6.96974103999997,0],[113.660574897,-6.96964824099996,0],[113.660539205,-6.96961254999997,0],[113.660517789,-6.96959827199993,0],[113.660439268,-6.96959827199993,0],[113.660310364,-6.96956698499997,0],[113.66066047,-6.96870190699997,0],[113.660635485,-6.96862695599998,0],[113.660596223,-6.96855556999998,0],[113.660524839,-6.96847347899995,0],[113.660410624,-6.96838424899994,0],[113.660360657,-6.96834141899996,0],[113.66041325,-6.96806436299994,0],[113.660444698,-6.96791910999997,0],[113.660484023,-6.96742380099994,0],[113.66053756,-6.96688842299994,0],[113.660611918,-6.96630842999997,0],[113.660671404,-6.96566300099994,0],[113.660713045,-6.96502352099998,0],[113.660736839,-6.96449409099995,0],[113.660718993,-6.96440486199998,0],[113.660751711,-6.96408958399996,0],[113.660864734,-6.96327461599998,0],[113.660974786,-6.96273626299995,0],[113.661022376,-6.96267677699996,0],[113.661096733,-6.96265893099996,0],[113.661313859,-6.96268569999995,0],[113.661403089,-6.96262323899998,0],[113.661495293,-6.96251616299998,0],[113.661525036,-6.96242693299996,0],[113.661498267,-6.96231985799994,0],[113.661530985,-6.96222765299996,0],[113.661542883,-6.96215924499995,0],[113.66153396,-6.96210867999997,0],[113.661510163,-6.96206704199994,0],[113.661456626,-6.96197780999995,0],[113.661400113,-6.96180232499995,0],[113.661337653,-6.96171904399995,0],[113.661298986,-6.96163873899997,0],[113.661203214,-6.96151916899993,0],[113.661184178,-6.96140019599994,0],[113.661222249,-6.96123363399994,0],[113.661279357,-6.96105755399998,0],[113.661345981,-6.96062925099994,0],[113.661436401,-6.96016763699993,0],[113.661512544,-6.95992492999994,0],[113.661569651,-6.95981071599994,0],[113.661555374,-6.95971077899998,0],[113.661545857,-6.95961084099997,0],[113.661622,-6.95931102999998,0],[113.661712418,-6.95903501199996,0],[113.661978918,-6.95834496799995,0],[113.662259694,-6.95774534399993,0],[113.662202301,-6.95755375599992,0],[113.662141386,-6.95739766299994,0],[113.662124254,-6.95729677399993,0],[113.66212235,-6.95715971699997,0],[113.662124254,-6.95671999199993,0],[113.662112832,-6.95626694299995,0],[113.662116639,-6.95567493299995,0],[113.662091894,-6.95553787599994,0],[113.66202146,-6.95525614799993,0],[113.662017654,-6.95514954799995,0],[113.662029075,-6.95500868599993,0],[113.662129965,-6.95449281699996,0],[113.662204204,-6.95421679899994,0],[113.662247986,-6.95399979499996,0],[113.662249889,-6.95372758199994,0],[113.662246082,-6.95348963599997,0],[113.662240133,-6.95339533099997,0],[113.662269282,-6.95314762799995,0],[113.662312112,-6.95281450399995,0],[113.662288317,-6.95245758499993,0],[113.662226451,-6.95233861199995,0],[113.662169344,-6.95223391499997,0],[113.662159827,-6.95215301399998,0],[113.662193139,-6.95205307599997,0],[113.662216933,-6.95192934399995,0],[113.662264523,-6.95163429199994,0],[113.662335907,-6.95150104099997,0],[113.662478674,-6.95138682699996,0],[113.662707104,-6.95117743499998,0],[113.662826077,-6.95105846199993,0],[113.662830835,-6.95095852399993,0],[113.662845111,-6.95086810499993,0],[113.662864148,-6.95077768599998,0],[113.662892701,-6.95065871199995,0],[113.662906977,-6.95056353399997,0],[113.662906977,-6.95043980199995,0],[113.662902219,-6.95032558799994,0],[113.662897459,-6.95023516999993,0],[113.662959326,-6.95010667699995,0],[113.663002166,-6.95005907699993,0],[113.663044986,-6.95001149899997,0],[113.663059264,-6.94990204399994,0],[113.66302595,-6.94978306999997,0],[113.663002156,-6.94968789199993,0],[113.662987879,-6.94953084799994,0],[113.66298312,-6.94940711599997,0],[113.663011674,-6.94931193699995,0],[113.66307354,-6.94926910699996,0],[113.663197272,-6.94924531199996,0],[113.663649369,-6.94911682099996,0],[113.663782619,-6.94903591999997,0],[113.663844485,-6.94895977699997,0],[113.663858762,-6.94885983999995,0],[113.663834968,-6.94874562499996,0],[113.663763583,-6.94867424199998,0],[113.663673164,-6.94861237599997,0],[113.663587503,-6.94848388599996,0],[113.663549432,-6.94839346499998,0],[113.663516119,-6.94828400999995,0],[113.663487567,-6.94819834899994,0],[113.663444736,-6.94809841399996,0],[113.663349558,-6.94799371599993,0],[113.663325762,-6.94786998399996,0],[113.663316245,-6.94764631499993,0],[113.663401904,-6.94753685899997,0],[113.663435218,-6.94743216299997,0],[113.663454253,-6.94733222599996,0],[113.663506601,-6.94723228799995,0],[113.663606539,-6.94713710999997,0],[113.663658888,-6.94708476299996,0],[113.663663646,-6.94698006499993,0],[113.663658888,-6.94686585099993,0],[113.663663646,-6.94678019099996,0],[113.663782619,-6.94658507499997,0],[113.663854004,-6.94644706599996,0],[113.663882556,-6.94635188799998,0],[113.663877797,-6.94626622799996,0],[113.663830207,-6.94618532499993,0],[113.663773101,-6.94613773599997,0],[113.663749306,-6.94605207599994,0],[113.663744548,-6.94597117399996,0],[113.663769691,-6.94570864199994,0],[113.663969062,-6.94572145599994,0],[113.66407819,-6.94571233999994,0],[113.664295968,-6.94498548199994,0],[113.664355454,-6.94460476999996,0],[113.66433166,-6.94442333499995,0],[113.664307865,-6.94433410499994,0],[113.664322737,-6.94421810599994,0],[113.664394121,-6.94401882599993,0],[113.664467035,-6.94378366199993,0],[113.664408992,-6.94356732299997,0],[113.664319762,-6.94328892699997,0],[113.664255041,-6.94305740499993,0],[113.664201502,-6.94289084299993,0],[113.664136068,-6.94275402399995,0],[113.664076582,-6.94262910199996,0],[113.663999249,-6.94251607799993,0],[113.663892173,-6.94243279599993,0],[113.663755354,-6.94229002899993,0],[113.663713714,-6.94219484999996,0],[113.663713714,-6.94209967199993,0],[113.664148659,-6.94105806299996,0],[113.664298565,-6.94039419299997,0],[113.664562686,-6.93917352999995,0],[113.664662624,-6.93880233399994,0],[113.66489105,-6.93828123199995,0],[113.665431346,-6.93328215899993,0],[113.665594028,-6.93323903999993,0],[113.66575469,-6.93325936199994,0],[113.666100459,-6.93331775499996,0],[113.667058051,-6.93338053799994,0],[113.667341913,-6.93332859099996,0],[113.667931537,-6.93318519399998,0],[113.668446401,-6.93312059299996,0],[113.668992803,-6.93329748699995,0]]]]}},{"type":"Feature","properties":{"fid":82663,"ori_name":"Rajun","kode_kec":"35.29.13","kode_kd":"35.29.13.2004","kode_kk":"35.29","kode_prov":"35","tipe_kd":1,"kecamatan":"Pasongsongan","kel_desa":"Rajun","kab_kota":"Sumenep","provinsi":"Jawa Timur","jenis_kd":"Desa","nama":"Desa Rajun","label":"Desa Rajun, Kecamatan Pasongsongan, Kabupaten Sumenep, Provinsi Jawa Timur, 35.29.13.2004"},"geometry":{"type":"MultiPolygon","coordinates":[[[[113.702363208,-6.94068144399995,0],[113.702636846,-6.94069928899995,0],[113.702952125,-6.94065170099998,0],[113.703196019,-6.94062790599997,0],[113.703511298,-6.94061600799995,0],[113.703939601,-6.94052677899998,0],[113.704302469,-6.94044944699993,0],[113.704554692,-6.94040185699993,0],[113.704750996,-6.94038758099992,0],[113.705043671,-6.94034831899995,0],[113.705347052,-6.94031262699997,0],[113.705507666,-6.94034118099995,0],[113.705664709,-6.94035188799995,0],[113.705950245,-6.94040899499993,0],[113.706214366,-6.94045182599996,0],[113.706510608,-6.94057674799996,0],[113.706671222,-6.94063385399994,0],[113.707065556,-6.94068916699996,0],[113.707313677,-6.94078732999998,0],[113.70752069,-6.94089083699993,0],[113.707863332,-6.94097292799995,0],[113.70809414,-6.94095983999995,0],[113.708529581,-6.94091701099995,0],[113.708965022,-6.94084562599994,0],[113.709400464,-6.94081707299995,0],[113.709800213,-6.94075996599997,0],[113.710364146,-6.94073141199993,0],[113.710920939,-6.94073141199993,0],[113.711420626,-6.94073141199993,0],[113.712013112,-6.94075282799997,0],[113.712205847,-6.94083134999994,0],[113.712255816,-6.94085276599998,0],[113.712434277,-6.94079565899995,0],[113.712491384,-6.94070999699994,0],[113.712569906,-6.94062433599993,0],[113.712655566,-6.94059578299994,0],[113.712731709,-6.94057912699998,0],[113.712850682,-6.94059697299997,0],[113.713046988,-6.94071594599995,0],[113.713136218,-6.94071594599995,0],[113.713237345,-6.94054343499994,0],[113.713332523,-6.94047799999993,0],[113.713445548,-6.94047799999993,0],[113.713546675,-6.94047799999993,0],[113.713665648,-6.94051964099998,0],[113.713819166,-6.94054222299997,0],[113.71392144,-6.94051964099998,0],[113.714016618,-6.94044230799994,0],[113.714159386,-6.94041851399993,0],[113.714339127,-6.94041851399993,0],[113.714391723,-6.94054542899994,0],[113.714583998,-6.94069733899994,0],[113.714766594,-6.94083017699995,0],[113.714934644,-6.94092962799994,0],[113.715094344,-6.94102693599996,0],[113.715101508,-6.94103367899993,0],[113.715125447,-6.94105620899995,0],[113.71528963,-6.94112759199993,0],[113.715410982,-6.94117042299996,0],[113.716053934,-6.94143326399995,0],[113.71594069,-6.94162418599996,0],[113.715880287,-6.94173567199994,0],[113.715659624,-6.94214294699998,0],[113.715411779,-6.94262815999997,0],[113.715214831,-6.94324654099995,0],[113.715067335,-6.94374785699995,0],[113.714985707,-6.94408197199994,0],[113.714863589,-6.94430343999994,0],[113.714855479,-6.94434192699993,0],[113.714802515,-6.94458110799997,0],[113.714845064,-6.94493484099996,0],[113.714932839,-6.94531530099994,0],[113.715052074,-6.94566756499995,0],[113.715125518,-6.94599344499994,0],[113.715157993,-6.94613757399998,0],[113.715184904,-6.94624113599997,0],[113.7152062,-6.94649636399993,0],[113.715218181,-6.94664002399998,0],[113.715256033,-6.94701584999996,0],[113.715319797,-6.94727008499996,0],[113.71535739,-6.94741994899994,0],[113.71569289,-6.94781572199997,0],[113.715813862,-6.94861967999998,0],[113.715844426,-6.94888205599995,0],[113.715839615,-6.94900313999995,0],[113.715840274,-6.94911789399993,0],[113.715846937,-6.94915647299996,0],[113.715860073,-6.94923253799993,0],[113.715899288,-6.94939488699993,0],[113.715881081,-6.94955756599995,0],[113.715766625,-6.94962516399994,0],[113.715787413,-6.94991194099993,0],[113.715757828,-6.95005907699993,0],[113.715731585,-6.95018959399994,0],[113.715735116,-6.95022918199993,0],[113.715752044,-6.95041899199992,0],[113.715762287,-6.95042233799995,0],[113.71583834,-6.95044718599996,0],[113.715906264,-6.95060937099993,0],[113.715955104,-6.95078122799993,0],[113.715985023,-6.95099144599993,0],[113.715930075,-6.95142210499995,0],[113.715940579,-6.95158461799997,0],[113.715853704,-6.95169949699994,0],[113.715817101,-6.95174789999993,0],[113.71579862,-6.95186276399994,0],[113.715872432,-6.95196166799997,0],[113.715933646,-6.95204368999993,0],[113.715953391,-6.95214877199993,0],[113.71601158,-6.95228232199997,0],[113.716175153,-6.95243439399997,0],[113.716242913,-6.95256788999995,0],[113.71626273,-6.95267645199993,0],[113.716272557,-6.95273029399993,0],[113.716304571,-6.95271406899997,0],[113.71638707,-6.95267225899994,0],[113.716501802,-6.95265247299994,0],[113.716531227,-6.95277662499996,0],[113.716579737,-6.95289110499994,0],[113.716596683,-6.95293274399995,0],[113.716657986,-6.95308336899996,0],[113.716676813,-6.95312962799994,0],[113.716648927,-6.95327323399994,0],[113.716440088,-6.95357089199996,0],[113.716403072,-6.95379105699993,0],[113.716260728,-6.95400226399994,0],[113.71606003,-6.95405123099994,0],[113.71605761,-6.95405153499996,0],[113.715820939,-6.95408129299994,0],[113.71576253,-6.95416499299995,0],[113.715707032,-6.95424452199995,0],[113.715527342,-6.95461851599993,0],[113.715423389,-6.95484862999996,0],[113.715405347,-6.95503999599993,0],[113.715406338,-6.95521212699992,0],[113.715292099,-6.95531797899997,0],[113.715110046,-6.95528076999994,0],[113.714888887,-6.95510033799997,0],[113.714837087,-6.95506411999997,0],[113.714658268,-6.95493908799995,0],[113.714331892,-6.95476882299994,0],[113.714101603,-6.95466494799996,0],[113.71395805,-6.95466577199994,0],[113.713730149,-6.95475364899994,0],[113.713681118,-6.95477255499998,0],[113.7135858,-6.95484004499997,0],[113.71341588,-6.95482844599996,0],[113.713327295,-6.95482239999995,0],[113.713192872,-6.95474666499996,0],[113.713011751,-6.95487202499993,0],[113.71297883,-6.95493246699994,0],[113.712860221,-6.95515022699993,0],[113.712651158,-6.95540963199994,0],[113.712546051,-6.95543892399996,0],[113.71229662,-6.95533515899996,0],[113.712123863,-6.95525008099997,0],[113.711874872,-6.95522281899997,0],[113.711607564,-6.95533910799998,0],[113.711494039,-6.95556927599995,0],[113.711504762,-6.95577004299997,0],[113.711284975,-6.95582868099996,0],[113.711269072,-6.95583259099993,0],[113.711046048,-6.95588742899997,0],[113.710836216,-6.95601295299997,0],[113.710703111,-6.95616672699992,0],[113.710656521,-6.95638694899998,0],[113.71066292,-6.95642549099995,0],[113.710696173,-6.95662580099997,0],[113.710764428,-6.95684536499994,0],[113.711032726,-6.95690120599994,0],[113.71129272,-6.95676104999995,0],[113.711503375,-6.95677896899997,0],[113.711647423,-6.95686421099998,0],[113.711725084,-6.95705502999994,0],[113.711764408,-6.95723650599996,0],[113.711698075,-6.95735164499996,0],[113.711574265,-6.95745754999996,0],[113.711402549,-6.95755416599997,0],[113.711356125,-6.95780307599995,0],[113.71124216,-6.95795674099998,0],[113.711147171,-6.95808160599995,0],[113.710889157,-6.95815002799998,0],[113.710869628,-6.95816115199995,0],[113.710736526,-6.95823697199995,0],[113.710713921,-6.95830995599994,0],[113.710706225,-6.95833480199997,0],[113.710680148,-6.95841899699997,0],[113.710671675,-6.95861030899994,0],[113.710758686,-6.95876282099994,0],[113.710968739,-6.95867554799997,0],[113.711054158,-6.95855073699994,0],[113.711089004,-6.95845324499993,0],[113.711091835,-6.95844532599995,0],[113.711137764,-6.95844088799993,0],[113.711197054,-6.95843515899998,0],[113.711245509,-6.95854007799994,0],[113.711293965,-6.95864499399994,0],[113.711504292,-6.95860553699993,0],[113.711518331,-6.95863147999995,0],[113.711581677,-6.95874854099998,0],[113.711525135,-6.95890187599997,0],[113.711389314,-6.95897829599994,0],[113.711353418,-6.95899849299997,0],[113.711249024,-6.95915210199996,0],[113.711268878,-6.95927630999995,0],[113.711455868,-6.95935290699992,0],[113.711499115,-6.95937062199994,0],[113.711671545,-6.95939832299996,0],[113.711662744,-6.95953225799997,0],[113.711529474,-6.95965734399994,0],[113.711453625,-6.95978210199996,0],[113.711396642,-6.95985893299996,0],[113.711194171,-6.96009772499997,0],[113.711168492,-6.96012801099994,0],[113.711207982,-6.96033817499995,0],[113.711259543,-6.96044604899993,0],[113.711285478,-6.96050030699996,0],[113.711296312,-6.96072019699994,0],[113.711287723,-6.96075239199996,0],[113.711268864,-6.96082308199993,0],[113.711240098,-6.96093090999995,0],[113.711029935,-6.96099905799997,0],[113.710813501,-6.96096705599996,0],[113.710780886,-6.96096223299998,0],[113.710738218,-6.96098623999995,0],[113.710609168,-6.96105884999997,0],[113.710631,-6.96152732199994,0],[113.710689949,-6.96174927199996,0],[113.710699475,-6.96178513599995,0],[113.710809815,-6.96186293699998,0],[113.71083401,-6.96187999699993,0],[113.710887461,-6.96193656699995,0],[113.710910641,-6.96196109999994,0],[113.710968819,-6.96202267299998,0],[113.711007925,-6.96216589599993,0],[113.71092267,-6.96231939599994,0],[113.71068363,-6.96235901999995,0],[113.710588365,-6.96243607199995,0],[113.710474125,-6.96254192199996,0],[113.710302627,-6.96267679099998,0],[113.710149336,-6.96264897999993,0],[113.710017074,-6.96254911399996,0],[113.709985925,-6.96252559499993,0],[113.709794353,-6.96249800399994,0],[113.70962286,-6.96259353599993,0],[113.709603548,-6.96260429299997,0],[113.709499482,-6.96281527999997,0],[113.70953974,-6.96315932699997,0],[113.709581991,-6.96325080799994,0],[113.709616261,-6.96332500999995,0],[113.709651586,-6.96345239099998,0],[113.709698737,-6.96399563099993,0],[113.709640913,-6.96446659999998,0],[113.70953281,-6.96483001999997,0],[113.709361702,-6.96545324399995,0],[113.709235755,-6.96575835699997,0],[113.709057923,-6.96602228999996,0],[113.708978833,-6.96610516499993,0],[113.70882941,-6.96612799899998,0],[113.708762856,-6.96620488499997,0],[113.708763051,-6.96623881399995,0],[113.708464432,-6.96638708199993,0],[113.708301624,-6.96644655199998,0],[113.708227865,-6.96650913999997,0],[113.708113985,-6.96654331799994,0],[113.707999633,-6.96663004299995,0],[113.707770709,-6.96676523999997,0],[113.707777183,-6.96689156399998,0],[113.707324996,-6.96727526599994,0],[113.707185575,-6.96736488199997,0],[113.707116928,-6.96744547899993,0],[113.70704822,-6.96752614999997,0],[113.706961564,-6.96775433499994,0],[113.706910297,-6.96788933399995,0],[113.706758835,-6.96794881099993,0],[113.706479588,-6.96808444599998,0],[113.706438413,-6.96809260399993,0],[113.706424008,-6.96811144299994,0],[113.706400374,-6.96812292199996,0],[113.7062766,-6.96826965499997,0],[113.705977464,-6.96867295999994,0],[113.705838896,-6.96902635299995,0],[113.705848203,-6.96926288399993,0],[113.705930438,-6.96946418799996,0],[113.705994293,-6.96961868799997,0],[113.705959099,-6.96967806699996,0],[113.706020768,-6.97000047299997,0],[113.70602166,-6.97015586999993,0],[113.706141978,-6.97027472099995,0],[113.706153733,-6.97027778199993,0],[113.706161222,-6.97031572299994,0],[113.706322903,-6.97053093899996,0],[113.706323211,-6.97058448799993,0],[113.706355154,-6.97072735599994,0],[113.706361144,-6.97084369499993,0],[113.706323272,-6.97118025799995,0],[113.705608793,-6.97088037199995,0],[113.70526615,-6.97076615899994,0],[113.70473791,-6.97040923999998,0],[113.704124009,-6.97015225799993,0],[113.703681429,-6.97002376599994,0],[113.703138912,-6.96979533899997,0],[113.702567842,-6.96959546299996,0],[113.701925387,-6.96933848199996,0],[113.701240102,-6.96920999099996,0],[113.700835,-6.96909916699997,0],[113.700385876,-6.96893278399995,0],[113.699729145,-6.96875432399997,0],[113.699183058,-6.96860441899997,0],[113.698604849,-6.96838312999995,0],[113.698094455,-6.96818325299995,0],[113.697716121,-6.96799051699998,0],[113.697444862,-6.96780491899995,0],[113.696974167,-6.96764833299994,0],[113.696998713,-6.96744205199997,0],[113.697041543,-6.96735163099993,0],[113.697117686,-6.96720886499998,0],[113.697193829,-6.96705657799993,0],[113.697274731,-6.96687098199993,0],[113.697331838,-6.96667110499993,0],[113.697327079,-6.96663303399993,0],[113.697198588,-6.96660448099993,0],[113.696808356,-6.96655213199995,0],[113.696603723,-6.96652358099993,0],[113.696432401,-6.96652358099993,0],[113.69621825,-6.96650454399997,0],[113.695989822,-6.96647123199995,0],[113.695661456,-6.96634274099995,0],[113.695076109,-6.96628563399997,0],[113.694638288,-6.96617142099996,0],[113.694262333,-6.96604292899997,0],[113.693991074,-6.96590967799995,0],[113.693848307,-6.96586684899995,0],[113.693643673,-6.96581449899998,0],[113.693548495,-6.96572883999994,0],[113.693510423,-6.96560510799998,0],[113.693467593,-6.96548613399995,0],[113.693339102,-6.96544806299994,0],[113.693224888,-6.96547661699998,0],[113.693034531,-6.96557655399994,0],[113.692884625,-6.96564674799993,0],[113.692630344,-6.96562914299994,0],[113.692518188,-6.96550398199997,0],[113.692313554,-6.96531838299995,0],[113.692137474,-6.96523748099997,0],[113.691813868,-6.96507091799998,0],[113.691421708,-6.96497459499994,0],[113.69119675,-6.96486389099994,0],[113.691278489,-6.96447843199996,0],[113.691299904,-6.96428569699998,0],[113.691157136,-6.96411437399996,0],[113.690950123,-6.96404299099993,0],[113.690771664,-6.96406440699997,0],[113.690600342,-6.96410723599996,0],[113.69047899,-6.96412865199994,0],[113.690307669,-6.96415006699993,0],[113.690107794,-6.96407154499997,0],[113.690029272,-6.96393591599997,0],[113.689922196,-6.96381456399996,0],[113.689793705,-6.96362182599995,0],[113.689715183,-6.96340053699993,0],[113.689600969,-6.96300792699998,0],[113.689572415,-6.96284374299995,0],[113.689543862,-6.96269383799995,0],[113.689358264,-6.96245113199996,0],[113.689265465,-6.96227980999993,0],[113.689222635,-6.96210135199993,0],[113.689158389,-6.96191575399996,0],[113.689015621,-6.96167304899996,0],[113.688811818,-6.96123958599998,0],[113.688751501,-6.96124593399998,0],[113.688605164,-6.96116027499994,0],[113.688394582,-6.96102821499994,0],[113.688258953,-6.96091399999995,0],[113.688233968,-6.96086760099996,0],[113.688233968,-6.96079978599994,0],[113.688208984,-6.96072483299997,0],[113.688173292,-6.96064631099995,0],[113.688073355,-6.96057492699993,0],[113.687955572,-6.96053566599994,0],[113.68787229,-6.96048807799997,0],[113.68783065,-6.96042264199997,0],[113.687794958,-6.96033341199995,0],[113.687759266,-6.96024418199994,0],[113.687765215,-6.96010736299996,0],[113.687783061,-6.95998838999998,0],[113.687824701,-6.95988131399997,0],[113.687812804,-6.95976828999994,0],[113.687818753,-6.95968500899994,0],[113.687854444,-6.95951249799998,0],[113.687890136,-6.95942326899996,0],[113.687943674,-6.95931024399994,0],[113.68796152,-6.95921506599996,0],[113.687991263,-6.95909609299997,0],[113.687985315,-6.95895332499992,0],[113.68791393,-6.95859640499998,0],[113.687884188,-6.95846553599995,0],[113.687884188,-6.95836440899996,0],[113.687925828,-6.95824543499998,0],[113.688080493,-6.95788256699996,0],[113.688128082,-6.95766841599993,0],[113.688157826,-6.95751969999998,0],[113.688134031,-6.95738882899997,0],[113.688086442,-6.95725200999993,0],[113.688128082,-6.95703785799998,0],[113.688110236,-6.95695457699998,0],[113.688098339,-6.95686534799995,0],[113.688116185,-6.95674042599995,0],[113.688104288,-6.95662740099993,0],[113.688056699,-6.95652032599997,0],[113.688056699,-6.95643109599996,0],[113.688019657,-6.95623883499997,0],[113.688073196,-6.95609011899995,0],[113.688126733,-6.95593545399993,0],[113.688126733,-6.95572725099993,0],[113.688156477,-6.95549525499996,0],[113.688241944,-6.95527305699994,0],[113.688376577,-6.95514428299998,0],[113.68854314,-6.95493013199996,0],[113.688578832,-6.95476356999995,0],[113.688555036,-6.95462080299995,0],[113.688549087,-6.95451967599996,0],[113.688566934,-6.95411516799993,0],[113.688590729,-6.95399024599993,0],[113.688644267,-6.95381773399993,0],[113.688709702,-6.95366306899996,0],[113.688834624,-6.95355004499993,0],[113.689143954,-6.95325261299996,0],[113.689251029,-6.95308604999997,0],[113.689256978,-6.95295517899996,0],[113.689233183,-6.95277077099996,0],[113.6891618,-6.95269343899997,0],[113.689078517,-6.95258636299997,0],[113.689048775,-6.95245549199996,0],[113.689048775,-6.95233057099995,0],[113.688935751,-6.95218780399995,0],[113.688560986,-6.95194985699993,0],[113.688281944,-6.95151388899995,0],[113.688085094,-6.95140852999998,0],[113.687906634,-6.95128360799993,0],[113.687757918,-6.95120627499995,0],[113.687454536,-6.95120627499995,0],[113.687311769,-6.95117058399995,0],[113.687287974,-6.95106350799995,0],[113.687270128,-6.95083150999994,0],[113.687079771,-6.95073633199996,0],[113.686835876,-6.95065899899993,0],[113.686663366,-6.95053407799998,0],[113.686544826,-6.95042120699998,0],[113.686486046,-6.95005907699993,0],[113.686452612,-6.94985309399993,0],[113.686381723,-6.94926884199998,0],[113.686366798,-6.94914132099996,0],[113.686361059,-6.94864096999993,0],[113.686833497,-6.94737653299995,0],[113.687499746,-6.94572994599997,0],[113.687652032,-6.94533019599993,0],[113.687734444,-6.94494722199994,0],[113.687925188,-6.94401233499997,0],[113.688103314,-6.94358383099996,0],[113.688247847,-6.94324942099996,0],[113.688276936,-6.94313607699996,0],[113.68834427,-6.94313778299994,0],[113.688546208,-6.94302144299996,0],[113.688657056,-6.94292128899997,0],[113.688834173,-6.94271310999994,0],[113.688866179,-6.94267204699997,0],[113.689614643,-6.94225935599997,0],[113.690265703,-6.94189587299996,0],[113.690804537,-6.94160049299995,0],[113.691456736,-6.94143937899997,0],[113.691974459,-6.94139146599997,0],[113.692256051,-6.94121761499997,0],[113.692541585,-6.94105105399996,0],[113.69283307,-6.94089043999998,0],[113.693636138,-6.94054541799994,0],[113.694248889,-6.94039972199994,0],[113.694516539,-6.94036695799997,0],[113.694647409,-6.94036695799997,0],[113.694879405,-6.94035506099993,0],[113.695248223,-6.94032531899995,0],[113.695753858,-6.94030152299996,0],[113.696217948,-6.94025407899994,0],[113.696317996,-6.94018896799997,0],[113.696640604,-6.94002709299997,0],[113.697015369,-6.93995570799996,0],[113.697354442,-6.93996760499994,0],[113.697889821,-6.94001519499994,0],[113.698508481,-6.94011632299993,0],[113.699103346,-6.94025314099997,0],[113.699674417,-6.94031262699997,0],[113.700096771,-6.94032452499994,0],[113.70050128,-6.94033047399995,0],[113.700811111,-6.94049861099995,0],[113.701232964,-6.94050893299993,0],[113.701625574,-6.94051488099996,0],[113.701887316,-6.94056246999997,0],[113.702155004,-6.94061600799995,0],[113.702363208,-6.94068144399995,0]]]]}}]}